,game_id,t,f0,f1,f2,a1,a2,r1,r2,aid1,aid2
0,0,0,0,0,0,1,1,2,2,0,1
1,0,1,1,0,0,1,1,2,2,0,1
2,0,2,1,0,0,1,1,2,2,0,1
3,0,3,1,1,0,1,1,2,2,0,1
4,0,4,1,1,0,1,1,2,2,0,1
5,0,5,0,0,0,1,1,2,2,0,1
6,0,6,1,1,0,1,1,2,2,0,1
7,0,7,0,0,0,1,1,2,2,0,1
8,0,8,1,0,0,1,1,2,2,0,1
9,0,9,1,0,0,1,1,2,2,0,1
10,0,10,1,0,0,1,1,2,2,0,1
11,0,11,1,0,0,1,1,2,2,0,1
12,0,12,0,0,1,0,0,1,1,0,1
13,0,13,0,0,0,0,0,1,1,0,1
14,0,14,1,0,0,0,0,1,1,0,1
15,0,15,0,0,0,0,0,1,1,0,1
16,0,16,0,0,0,0,0,1,1,0,1
17,0,17,0,1,0,0,0,1,1,0,1
18,0,18,0,1,1,1,1,2,2,0,1
19,0,19,0,0,0,1,1,2,2,0,1
20,1,0,0,0,1,1,1,2,2,2,3
21,1,1,0,0,1,1,1,2,2,2,3
22,1,2,1,1,0,1,1,2,2,2,3
23,1,3,0,0,0,1,1,2,2,2,3
24,1,4,1,0,1,1,1,2,2,2,3
25,1,5,0,1,1,1,1,2,2,2,3
26,1,6,0,0,0,1,1,2,2,2,3
27,1,7,0,0,0,1,1,2,2,2,3
28,1,8,1,1,0,1,1,2,2,2,3
29,1,9,0,0,0,1,1,2,2,2,3
30,1,10,0,1,0,1,1,2,2,2,3
31,1,11,0,1,0,1,1,2,2,2,3
32,1,12,1,1,0,1,1,2,2,2,3
33,1,13,0,1,1,1,1,2,2,2,3
34,1,14,1,0,1,1,1,2,2,2,3
35,1,15,1,0,0,1,1,2,2,2,3
36,1,16,0,0,0,1,1,2,2,2,3
37,1,17,0,0,0,1,1,2,2,2,3
38,1,18,0,0,1,1,1,2,2,2,3
39,1,19,0,0,0,1,1,2,2,2,3
40,2,0,1,0,1,0,1,0,1,4,5
41,2,1,0,0,0,1,1,2,2,4,5
42,2,2,0,0,0,1,1,2,2,4,5
43,2,3,0,1,0,1,1,2,2,4,5
44,2,4,0,1,0,1,1,2,2,4,5
45,2,5,1,0,0,1,1,2,2,4,5
46,2,6,1,0,0,1,1,2,2,4,5
47,2,7,1,0,0,1,1,2,2,4,5
48,2,8,0,0,0,1,1,2,2,4,5
49,2,9,1,0,0,1,1,2,2,4,5
50,2,10,0,0,0,1,1,2,2,4,5
51,2,11,1,0,0,1,1,2,2,4,5
52,2,12,0,0,0,1,1,2,2,4,5
53,2,13,0,0,1,0,0,1,1,4,5
54,2,14,0,0,0,0,0,1,1,4,5
55,2,15,0,0,1,1,1,2,2,4,5
56,2,16,1,0,1,0,0,1,1,4,5
57,2,17,0,0,0,0,0,1,1,4,5
58,2,18,1,1,0,1,0,1,0,4,5
59,2,19,1,1,0,1,0,1,0,4,5
60,3,0,0,0,0,1,1,2,2,6,7
61,3,1,0,0,0,1,1,2,2,6,7
62,3,2,0,0,0,1,1,2,2,6,7
63,3,3,0,0,1,0,1,0,1,6,7
64,3,4,0,0,0,0,1,0,1,6,7
65,3,5,0,0,0,0,1,0,1,6,7
66,3,6,0,0,1,1,1,2,2,6,7
67,3,7,1,0,0,1,1,2,2,6,7
68,3,8,0,0,1,0,1,0,1,6,7
69,3,9,0,0,0,0,1,0,1,6,7
70,3,10,0,1,0,0,1,0,1,6,7
71,3,11,0,0,0,0,1,0,1,6,7
72,3,12,0,0,0,0,1,0,1,6,7
73,3,13,0,1,0,0,1,0,1,6,7
74,3,14,1,0,0,0,1,0,1,6,7
75,3,15,0,0,0,0,1,0,1,6,7
76,3,16,0,0,0,0,1,0,1,6,7
77,3,17,0,0,1,1,1,2,2,6,7
78,3,18,0,0,0,1,1,2,2,6,7
79,3,19,0,0,0,1,1,2,2,6,7
80,4,0,0,1,0,1,0,1,0,8,9
81,4,1,0,0,0,0,0,1,1,8,9
82,4,2,1,0,0,1,0,1,0,8,9
83,4,3,1,0,0,0,1,0,1,8,9
84,4,4,0,1,0,1,0,1,0,8,9
85,4,5,0,1,0,0,0,1,1,8,9
86,4,6,1,0,1,1,0,1,0,8,9
87,4,7,0,1,0,0,0,1,1,8,9
88,4,8,0,0,0,1,0,1,0,8,9
89,4,9,0,0,0,0,0,1,1,8,9
90,4,10,0,0,0,1,0,1,0,8,9
91,4,11,0,0,0,0,0,1,1,8,9
92,4,12,0,0,0,1,0,1,0,8,9
93,4,13,0,0,0,0,0,1,1,8,9
94,4,14,1,1,1,1,0,1,0,8,9
95,4,15,0,1,0,0,0,1,1,8,9
96,4,16,1,0,0,1,0,1,0,8,9
97,4,17,0,0,0,0,0,1,1,8,9
98,4,18,1,0,0,1,0,1,0,8,9
99,4,19,1,0,0,0,1,0,1,8,9
100,5,0,0,0,0,1,1,2,2,10,11
101,5,1,0,0,0,1,1,2,2,10,11
102,5,2,0,0,0,1,1,2,2,10,11
103,5,3,0,0,0,1,1,2,2,10,11
104,5,4,1,1,0,1,1,2,2,10,11
105,5,5,0,0,0,1,1,2,2,10,11
106,5,6,0,0,0,1,1,2,2,10,11
107,5,7,1,0,0,1,1,2,2,10,11
108,5,8,0,1,0,1,1,2,2,10,11
109,5,9,1,0,0,1,1,2,2,10,11
110,5,10,0,0,0,1,1,2,2,10,11
111,5,11,1,0,1,1,1,2,2,10,11
112,5,12,1,1,0,1,1,2,2,10,11
113,5,13,0,0,0,1,1,2,2,10,11
114,5,14,0,0,0,1,1,2,2,10,11
115,5,15,0,0,0,1,1,2,2,10,11
116,5,16,1,0,0,1,1,2,2,10,11
117,5,17,1,1,0,1,1,2,2,10,11
118,5,18,0,0,0,1,1,2,2,10,11
119,5,19,1,1,0,1,1,2,2,10,11
120,6,0,1,0,0,1,0,1,0,12,13
121,6,1,0,0,0,0,0,1,1,12,13
122,6,2,0,0,0,1,0,1,0,12,13
123,6,3,0,0,0,0,0,1,1,12,13
124,6,4,0,0,0,1,0,1,0,12,13
125,6,5,0,0,0,0,0,1,1,12,13
126,6,6,1,0,0,1,0,1,0,12,13
127,6,7,1,0,1,0,1,0,1,12,13
128,6,8,0,0,0,1,1,2,2,12,13
129,6,9,1,1,0,0,1,0,1,12,13
130,6,10,0,0,0,1,1,2,2,12,13
131,6,11,0,0,0,0,1,0,1,12,13
132,6,12,0,0,0,1,1,2,2,12,13
133,6,13,0,0,0,0,1,0,1,12,13
134,6,14,1,0,0,1,1,2,2,12,13
135,6,15,0,0,0,0,1,0,1,12,13
136,6,16,0,1,0,1,1,2,2,12,13
137,6,17,0,1,1,0,0,1,1,12,13
138,6,18,0,0,0,1,0,1,0,12,13
139,6,19,0,0,0,0,0,1,1,12,13
140,7,0,0,0,1,1,1,2,2,14,15
141,7,1,0,0,0,1,1,2,2,14,15
142,7,2,0,0,0,1,1,2,2,14,15
143,7,3,1,0,0,1,1,2,2,14,15
144,7,4,1,0,0,1,1,2,2,14,15
145,7,5,0,0,1,1,0,1,0,14,15
146,7,6,1,0,0,1,1,2,2,14,15
147,7,7,0,0,0,1,1,2,2,14,15
148,7,8,1,0,0,1,1,2,2,14,15
149,7,9,0,0,0,1,1,2,2,14,15
150,7,10,0,0,0,1,1,2,2,14,15
151,7,11,0,1,0,1,1,2,2,14,15
152,7,12,1,1,0,1,1,2,2,14,15
153,7,13,0,0,0,1,1,2,2,14,15
154,7,14,1,1,0,1,1,2,2,14,15
155,7,15,0,1,0,1,1,2,2,14,15
156,7,16,1,0,0,1,1,2,2,14,15
157,7,17,0,1,0,1,1,2,2,14,15
158,7,18,0,0,0,1,1,2,2,14,15
159,7,19,0,0,0,1,1,2,2,14,15
160,8,0,0,1,0,0,1,0,1,16,17
161,8,1,1,0,0,1,1,2,2,16,17
162,8,2,1,0,0,1,1,2,2,16,17
163,8,3,1,0,0,1,1,2,2,16,17
164,8,4,0,0,0,0,1,0,1,16,17
165,8,5,0,0,0,0,0,1,1,16,17
166,8,6,0,0,0,0,0,1,1,16,17
167,8,7,1,0,0,0,1,0,1,16,17
168,8,8,0,0,0,0,0,1,1,16,17
169,8,9,1,0,0,0,1,0,1,16,17
170,8,10,0,0,0,0,0,1,1,16,17
171,8,11,0,0,0,0,0,1,1,16,17
172,8,12,0,0,0,0,0,1,1,16,17
173,8,13,0,0,0,0,0,1,1,16,17
174,8,14,1,0,0,0,1,0,1,16,17
175,8,15,0,0,0,0,0,1,1,16,17
176,8,16,1,0,0,0,1,0,1,16,17
177,8,17,0,0,0,0,0,1,1,16,17
178,8,18,1,0,0,0,1,0,1,16,17
179,8,19,0,0,0,0,0,1,1,16,17
180,9,0,0,0,0,1,1,2,2,18,19
181,9,1,1,0,0,1,1,2,2,18,19
182,9,2,0,0,0,1,1,2,2,18,19
183,9,3,1,0,0,1,1,2,2,18,19
184,9,4,0,0,0,1,1,2,2,18,19
185,9,5,0,0,0,1,1,2,2,18,19
186,9,6,1,0,0,1,1,2,2,18,19
187,9,7,0,0,1,1,0,1,0,18,19
188,9,8,1,0,0,1,1,2,2,18,19
189,9,9,0,0,0,1,1,2,2,18,19
190,9,10,1,0,0,1,1,2,2,18,19
191,9,11,0,0,0,1,1,2,2,18,19
192,9,12,1,1,1,1,0,1,0,18,19
193,9,13,1,0,0,1,1,2,2,18,19
194,9,14,0,0,0,1,1,2,2,18,19
195,9,15,1,0,0,1,1,2,2,18,19
196,9,16,1,0,0,1,1,2,2,18,19
197,9,17,0,0,0,1,1,2,2,18,19
198,9,18,0,0,0,1,1,2,2,18,19
199,9,19,0,1,0,1,1,2,2,18,19
200,10,0,0,0,0,1,1,2,2,20,21
201,10,1,0,0,0,1,1,2,2,20,21
202,10,2,1,0,0,1,1,2,2,20,21
203,10,3,1,0,0,1,1,2,2,20,21
204,10,4,0,0,0,1,1,2,2,20,21
205,10,5,0,1,0,1,1,2,2,20,21
206,10,6,1,1,0,1,1,2,2,20,21
207,10,7,0,0,0,1,1,2,2,20,21
208,10,8,0,0,1,1,1,2,2,20,21
209,10,9,0,0,0,1,1,2,2,20,21
210,10,10,1,0,0,1,1,2,2,20,21
211,10,11,1,0,0,1,1,2,2,20,21
212,10,12,1,0,0,1,1,2,2,20,21
213,10,13,0,0,0,1,1,2,2,20,21
214,10,14,0,1,0,1,1,2,2,20,21
215,10,15,0,0,0,1,1,2,2,20,21
216,10,16,0,1,0,1,1,2,2,20,21
217,10,17,0,0,1,1,1,2,2,20,21
218,10,18,1,0,0,1,1,2,2,20,21
219,10,19,0,0,0,1,1,2,2,20,21
220,11,0,1,0,1,1,1,2,2,22,23
221,11,1,0,0,0,1,1,2,2,22,23
222,11,2,0,0,0,1,1,2,2,22,23
223,11,3,0,0,0,1,1,2,2,22,23
224,11,4,0,0,0,1,1,2,2,22,23
225,11,5,0,0,0,1,1,2,2,22,23
226,11,6,0,0,0,1,1,2,2,22,23
227,11,7,0,0,0,1,1,2,2,22,23
228,11,8,0,0,0,1,1,2,2,22,23
229,11,9,0,0,0,1,1,2,2,22,23
230,11,10,0,0,0,1,1,2,2,22,23
231,11,11,1,0,0,1,1,2,2,22,23
232,11,12,1,1,0,1,1,2,2,22,23
233,11,13,0,0,0,1,1,2,2,22,23
234,11,14,0,0,0,1,1,2,2,22,23
235,11,15,0,0,0,1,1,2,2,22,23
236,11,16,0,0,0,1,1,2,2,22,23
237,11,17,0,0,0,1,1,2,2,22,23
238,11,18,1,0,0,1,1,2,2,22,23
239,11,19,0,0,1,1,1,2,2,22,23
240,12,0,0,0,0,1,1,2,2,24,25
241,12,1,0,0,0,1,1,2,2,24,25
242,12,2,0,0,0,1,1,2,2,24,25
243,12,3,0,0,0,1,1,2,2,24,25
244,12,4,0,0,0,1,1,2,2,24,25
245,12,5,0,1,0,1,1,2,2,24,25
246,12,6,1,0,0,1,1,2,2,24,25
247,12,7,0,0,1,1,1,2,2,24,25
248,12,8,0,0,0,1,1,2,2,24,25
249,12,9,1,0,0,1,1,2,2,24,25
250,12,10,1,0,0,1,1,2,2,24,25
251,12,11,0,0,1,1,1,2,2,24,25
252,12,12,1,0,0,1,1,2,2,24,25
253,12,13,0,0,0,1,1,2,2,24,25
254,12,14,1,0,0,1,1,2,2,24,25
255,12,15,0,0,0,1,1,2,2,24,25
256,12,16,0,0,0,1,1,2,2,24,25
257,12,17,0,0,0,1,1,2,2,24,25
258,12,18,0,0,0,1,1,2,2,24,25
259,12,19,0,0,0,1,1,2,2,24,25
260,13,0,0,1,0,1,1,2,2,26,27
261,13,1,0,0,0,1,1,2,2,26,27
262,13,2,0,0,0,1,1,2,2,26,27
263,13,3,0,0,0,1,1,2,2,26,27
264,13,4,0,0,0,1,1,2,2,26,27
265,13,5,0,0,0,1,1,2,2,26,27
266,13,6,1,0,0,1,1,2,2,26,27
267,13,7,1,0,0,1,1,2,2,26,27
268,13,8,0,0,0,1,1,2,2,26,27
269,13,9,0,0,0,1,1,2,2,26,27
270,13,10,0,0,0,1,1,2,2,26,27
271,13,11,0,0,0,1,1,2,2,26,27
272,13,12,0,0,0,1,1,2,2,26,27
273,13,13,0,0,0,1,1,2,2,26,27
274,13,14,0,0,0,1,1,2,2,26,27
275,13,15,0,0,0,1,1,2,2,26,27
276,13,16,0,0,0,1,1,2,2,26,27
277,13,17,0,0,0,1,1,2,2,26,27
278,13,18,0,0,0,1,1,2,2,26,27
279,13,19,0,0,0,1,1,2,2,26,27
280,14,0,0,0,0,1,0,1,0,28,29
281,14,1,1,0,0,0,1,0,1,28,29
282,14,2,1,0,0,1,0,1,0,28,29
283,14,3,1,1,0,0,1,0,1,28,29
284,14,4,1,1,0,1,0,1,0,28,29
285,14,5,1,0,0,0,1,0,1,28,29
286,14,6,1,1,0,1,0,1,0,28,29
287,14,7,1,0,0,0,1,0,1,28,29
288,14,8,0,0,0,1,0,1,0,28,29
289,14,9,0,1,0,0,1,0,1,28,29
290,14,10,1,0,1,0,0,1,1,28,29
291,14,11,0,0,0,0,1,0,1,28,29
292,14,12,0,0,0,1,0,1,0,28,29
293,14,13,1,0,0,0,1,0,1,28,29
294,14,14,1,0,0,1,0,1,0,28,29
295,14,15,0,0,0,0,1,0,1,28,29
296,14,16,0,0,0,1,0,1,0,28,29
297,14,17,0,0,0,0,1,0,1,28,29
298,14,18,1,0,0,1,0,1,0,28,29
299,14,19,1,1,0,0,1,0,1,28,29
300,15,0,1,0,0,1,1,2,2,30,31
301,15,1,0,0,0,1,1,2,2,30,31
302,15,2,0,0,0,1,1,2,2,30,31
303,15,3,0,0,0,1,1,2,2,30,31
304,15,4,1,1,0,1,1,2,2,30,31
305,15,5,1,0,0,1,1,2,2,30,31
306,15,6,0,0,0,1,1,2,2,30,31
307,15,7,1,0,0,1,1,2,2,30,31
308,15,8,0,0,0,1,1,2,2,30,31
309,15,9,1,0,0,1,1,2,2,30,31
310,15,10,1,0,0,1,1,2,2,30,31
311,15,11,0,0,1,1,1,2,2,30,31
312,15,12,1,0,0,1,1,2,2,30,31
313,15,13,0,0,0,1,1,2,2,30,31
314,15,14,1,0,0,1,1,2,2,30,31
315,15,15,0,0,0,1,1,2,2,30,31
316,15,16,1,1,0,1,1,2,2,30,31
317,15,17,1,1,0,1,1,2,2,30,31
318,15,18,1,0,0,1,1,2,2,30,31
319,15,19,1,0,0,1,1,2,2,30,31
320,16,0,0,0,0,0,1,0,1,32,33
321,16,1,0,0,0,1,0,1,0,32,33
322,16,2,0,0,0,0,1,0,1,32,33
323,16,3,0,0,1,0,1,0,1,32,33
324,16,4,1,0,0,1,1,2,2,32,33
325,16,5,0,0,0,1,1,2,2,32,33
326,16,6,0,0,1,0,0,1,1,32,33
327,16,7,0,0,0,0,0,1,1,32,33
328,16,8,0,0,0,0,0,1,1,32,33
329,16,9,0,0,0,0,0,1,1,32,33
330,16,10,0,0,0,0,0,1,1,32,33
331,16,11,1,0,0,0,1,0,1,32,33
332,16,12,1,1,0,1,1,2,2,32,33
333,16,13,1,0,0,1,1,2,2,32,33
334,16,14,1,0,0,1,1,2,2,32,33
335,16,15,1,0,0,1,1,2,2,32,33
336,16,16,0,0,0,1,1,2,2,32,33
337,16,17,0,0,0,1,1,2,2,32,33
338,16,18,0,0,0,1,1,2,2,32,33
339,16,19,0,0,0,1,1,2,2,32,33
340,17,0,1,0,0,1,0,1,0,34,35
341,17,1,1,1,0,0,1,0,1,34,35
342,17,2,1,0,0,1,0,1,0,34,35
343,17,3,0,0,0,0,1,0,1,34,35
344,17,4,0,0,0,1,0,1,0,34,35
345,17,5,0,1,1,0,0,1,1,34,35
346,17,6,1,1,0,1,0,1,0,34,35
347,17,7,1,0,0,0,1,0,1,34,35
348,17,8,1,1,0,1,0,1,0,34,35
349,17,9,1,1,0,0,1,0,1,34,35
350,17,10,0,0,0,1,0,1,0,34,35
351,17,11,0,0,0,0,1,0,1,34,35
352,17,12,0,0,0,1,0,1,0,34,35
353,17,13,0,0,0,0,1,0,1,34,35
354,17,14,0,0,0,1,0,1,0,34,35
355,17,15,1,0,0,0,1,0,1,34,35
356,17,16,1,0,1,1,1,2,2,34,35
357,17,17,0,0,0,0,1,0,1,34,35
358,17,18,0,1,0,1,0,1,0,34,35
359,17,19,0,0,0,0,1,0,1,34,35
360,18,0,1,0,0,1,1,2,2,36,37
361,18,1,1,0,0,1,1,2,2,36,37
362,18,2,0,0,0,1,1,2,2,36,37
363,18,3,0,1,0,1,1,2,2,36,37
364,18,4,0,0,0,1,1,2,2,36,37
365,18,5,1,1,1,1,1,2,2,36,37
366,18,6,1,0,0,1,1,2,2,36,37
367,18,7,0,0,0,1,1,2,2,36,37
368,18,8,1,0,0,1,1,2,2,36,37
369,18,9,1,0,0,1,1,2,2,36,37
370,18,10,1,0,0,1,1,2,2,36,37
371,18,11,1,0,0,1,1,2,2,36,37
372,18,12,0,0,0,1,1,2,2,36,37
373,18,13,1,0,0,1,1,2,2,36,37
374,18,14,0,0,0,1,1,2,2,36,37
375,18,15,0,1,0,1,1,2,2,36,37
376,18,16,0,0,0,1,1,2,2,36,37
377,18,17,0,0,0,1,1,2,2,36,37
378,18,18,1,0,0,1,1,2,2,36,37
379,18,19,0,1,0,1,1,2,2,36,37
380,19,0,0,0,0,0,1,0,1,38,39
381,19,1,1,0,0,1,1,2,2,38,39
382,19,2,0,0,0,1,1,2,2,38,39
383,19,3,0,0,0,1,1,2,2,38,39
384,19,4,0,0,0,1,1,2,2,38,39
385,19,5,0,0,0,1,1,2,2,38,39
386,19,6,0,0,0,1,1,2,2,38,39
387,19,7,0,0,0,1,1,2,2,38,39
388,19,8,1,0,0,1,1,2,2,38,39
389,19,9,1,0,0,1,1,2,2,38,39
390,19,10,0,0,0,1,1,2,2,38,39
391,19,11,1,0,1,0,1,0,1,38,39
392,19,12,1,0,0,1,1,2,2,38,39
393,19,13,0,0,0,1,1,2,2,38,39
394,19,14,0,1,0,1,1,2,2,38,39
395,19,15,0,0,0,1,1,2,2,38,39
396,19,16,0,0,1,0,1,0,1,38,39
397,19,17,1,0,0,1,1,2,2,38,39
398,19,18,1,1,1,0,1,0,1,38,39
399,19,19,0,1,0,1,1,2,2,38,39
400,20,0,0,0,0,0,0,1,1,40,41
401,20,1,1,0,0,0,1,0,1,40,41
402,20,2,1,0,0,1,0,1,0,40,41
403,20,3,0,0,0,0,1,0,1,40,41
404,20,4,0,1,1,0,0,1,1,40,41
405,20,5,1,0,0,0,1,0,1,40,41
406,20,6,0,0,0,0,0,1,1,40,41
407,20,7,0,0,0,0,1,0,1,40,41
408,20,8,0,0,0,0,0,1,1,40,41
409,20,9,0,1,0,0,1,0,1,40,41
410,20,10,1,0,0,1,0,1,0,40,41
411,20,11,0,0,0,0,1,0,1,40,41
412,20,12,0,0,0,0,0,1,1,40,41
413,20,13,0,0,0,0,1,0,1,40,41
414,20,14,0,1,0,0,0,1,1,40,41
415,20,15,0,0,0,0,1,0,1,40,41
416,20,16,0,0,0,0,0,1,1,40,41
417,20,17,0,0,1,0,1,0,1,40,41
418,20,18,0,0,0,0,0,1,1,40,41
419,20,19,0,0,0,0,1,0,1,40,41
420,21,0,0,1,0,0,0,1,1,42,43
421,21,1,0,0,0,0,0,1,1,42,43
422,21,2,0,0,1,1,0,1,0,42,43
423,21,3,0,0,1,1,0,1,0,42,43
424,21,4,0,0,0,0,0,1,1,42,43
425,21,5,1,0,0,0,0,1,1,42,43
426,21,6,0,0,0,0,0,1,1,42,43
427,21,7,0,1,0,0,0,1,1,42,43
428,21,8,1,1,0,0,0,1,1,42,43
429,21,9,0,1,0,0,0,1,1,42,43
430,21,10,1,0,0,0,0,1,1,42,43
431,21,11,1,0,1,1,0,1,0,42,43
432,21,12,1,0,0,0,1,0,1,42,43
433,21,13,0,0,0,1,0,1,0,42,43
434,21,14,1,0,0,0,1,0,1,42,43
435,21,15,1,0,0,1,0,1,0,42,43
436,21,16,0,0,0,0,0,1,1,42,43
437,21,17,1,0,0,0,0,1,1,42,43
438,21,18,0,0,0,0,0,1,1,42,43
439,21,19,0,0,1,1,0,1,0,42,43
440,22,0,0,0,0,1,1,2,2,44,45
441,22,1,0,0,0,1,1,2,2,44,45
442,22,2,1,0,0,1,1,2,2,44,45
443,22,3,0,1,0,1,1,2,2,44,45
444,22,4,1,0,1,1,0,1,0,44,45
445,22,5,1,0,0,0,0,1,1,44,45
446,22,6,0,1,0,0,0,1,1,44,45
447,22,7,1,0,0,0,0,1,1,44,45
448,22,8,0,0,0,0,0,1,1,44,45
449,22,9,0,1,0,0,0,1,1,44,45
450,22,10,0,0,0,0,0,1,1,44,45
451,22,11,0,1,0,0,0,1,1,44,45
452,22,12,0,1,1,0,1,0,1,44,45
453,22,13,0,0,0,1,1,2,2,44,45
454,22,14,1,0,0,1,1,2,2,44,45
455,22,15,1,0,0,1,1,2,2,44,45
456,22,16,0,0,0,1,1,2,2,44,45
457,22,17,1,0,0,1,1,2,2,44,45
458,22,18,0,0,0,1,1,2,2,44,45
459,22,19,0,0,0,1,1,2,2,44,45
460,23,0,0,0,0,0,1,0,1,46,47
461,23,1,1,1,1,1,1,2,2,46,47
462,23,2,1,0,0,0,1,0,1,46,47
463,23,3,1,0,0,1,1,2,2,46,47
464,23,4,0,0,0,0,1,0,1,46,47
465,23,5,0,1,0,1,0,1,0,46,47
466,23,6,0,1,0,0,1,0,1,46,47
467,23,7,0,0,0,1,0,1,0,46,47
468,23,8,0,1,1,0,1,0,1,46,47
469,23,9,0,0,0,1,0,1,0,46,47
470,23,10,0,0,0,0,1,0,1,46,47
471,23,11,1,1,0,1,1,2,2,46,47
472,23,12,1,0,0,0,1,0,1,46,47
473,23,13,0,0,0,1,0,1,0,46,47
474,23,14,0,0,0,0,1,0,1,46,47
475,23,15,0,0,0,1,0,1,0,46,47
476,23,16,1,1,0,0,1,0,1,46,47
477,23,17,1,0,0,1,1,2,2,46,47
478,23,18,1,0,0,0,1,0,1,46,47
479,23,19,1,0,1,1,1,2,2,46,47
480,24,0,0,0,0,1,0,1,0,48,49
481,24,1,1,0,1,1,1,2,2,48,49
482,24,2,0,0,1,1,0,1,0,48,49
483,24,3,0,0,0,1,0,1,0,48,49
484,24,4,0,0,0,1,0,1,0,48,49
485,24,5,0,0,0,1,0,1,0,48,49
486,24,6,1,1,1,1,1,2,2,48,49
487,24,7,1,0,0,1,1,2,2,48,49
488,24,8,1,1,0,1,1,2,2,48,49
489,24,9,1,1,0,1,1,2,2,48,49
490,24,10,1,0,0,1,1,2,2,48,49
491,24,11,1,0,0,1,1,2,2,48,49
492,24,12,0,0,0,1,1,2,2,48,49
493,24,13,0,0,0,1,1,2,2,48,49
494,24,14,1,0,0,1,1,2,2,48,49
495,24,15,1,0,0,1,1,2,2,48,49
496,24,16,0,0,0,1,1,2,2,48,49
497,24,17,0,0,0,1,1,2,2,48,49
498,24,18,0,0,0,1,1,2,2,48,49
499,24,19,1,0,0,1,1,2,2,48,49
500,25,0,0,0,0,0,0,1,1,50,51
501,25,1,1,0,0,0,1,0,1,50,51
502,25,2,0,0,1,1,0,1,0,50,51
503,25,3,1,0,0,1,1,2,2,50,51
504,25,4,1,0,0,1,1,2,2,50,51
505,25,5,1,0,0,1,1,2,2,50,51
506,25,6,1,1,0,1,1,2,2,50,51
507,25,7,0,0,0,1,1,2,2,50,51
508,25,8,1,0,0,1,1,2,2,50,51
509,25,9,1,1,0,1,1,2,2,50,51
510,25,10,1,0,0,1,1,2,2,50,51
511,25,11,0,0,0,1,1,2,2,50,51
512,25,12,0,0,0,1,1,2,2,50,51
513,25,13,1,0,0,1,1,2,2,50,51
514,25,14,0,0,0,1,1,2,2,50,51
515,25,15,0,0,0,1,1,2,2,50,51
516,25,16,0,0,0,1,1,2,2,50,51
517,25,17,1,1,0,1,1,2,2,50,51
518,25,18,1,0,0,1,1,2,2,50,51
519,25,19,1,0,0,1,1,2,2,50,51
520,26,0,1,0,0,0,0,1,1,52,53
521,26,1,0,1,0,0,0,1,1,52,53
522,26,2,0,1,0,0,0,1,1,52,53
523,26,3,1,0,1,0,0,1,1,52,53
524,26,4,1,1,0,0,0,1,1,52,53
525,26,5,0,1,1,0,0,1,1,52,53
526,26,6,0,1,0,0,0,1,1,52,53
527,26,7,1,1,0,0,0,1,1,52,53
528,26,8,0,0,0,0,0,1,1,52,53
529,26,9,0,0,0,0,0,1,1,52,53
530,26,10,1,1,0,0,0,1,1,52,53
531,26,11,1,1,0,0,0,1,1,52,53
532,26,12,0,0,1,0,0,1,1,52,53
533,26,13,1,0,0,0,0,1,1,52,53
534,26,14,0,0,0,0,0,1,1,52,53
535,26,15,0,0,1,0,0,1,1,52,53
536,26,16,1,1,0,0,0,1,1,52,53
537,26,17,1,0,0,0,0,1,1,52,53
538,26,18,0,0,1,0,0,1,1,52,53
539,26,19,0,0,0,0,0,1,1,52,53
540,27,0,1,0,0,1,1,2,2,54,55
541,27,1,0,0,0,1,1,2,2,54,55
542,27,2,1,0,0,1,1,2,2,54,55
543,27,3,0,0,1,1,0,1,0,54,55
544,27,4,0,0,0,1,1,2,2,54,55
545,27,5,0,0,0,1,1,2,2,54,55
546,27,6,0,1,0,1,1,2,2,54,55
547,27,7,0,0,0,1,1,2,2,54,55
548,27,8,0,0,0,1,1,2,2,54,55
549,27,9,0,0,0,1,1,2,2,54,55
550,27,10,1,1,0,1,1,2,2,54,55
551,27,11,1,0,0,1,1,2,2,54,55
552,27,12,0,1,0,1,1,2,2,54,55
553,27,13,1,0,0,1,1,2,2,54,55
554,27,14,0,0,0,1,1,2,2,54,55
555,27,15,0,0,0,1,1,2,2,54,55
556,27,16,0,1,0,1,1,2,2,54,55
557,27,17,1,1,0,1,1,2,2,54,55
558,27,18,0,1,0,1,1,2,2,54,55
559,27,19,1,0,1,1,0,1,0,54,55
560,28,0,0,1,0,1,0,1,0,56,57
561,28,1,1,0,0,1,0,1,0,56,57
562,28,2,0,1,0,1,0,1,0,56,57
563,28,3,0,0,0,1,0,1,0,56,57
564,28,4,1,0,0,1,0,1,0,56,57
565,28,5,0,0,0,1,0,1,0,56,57
566,28,6,1,0,0,1,0,1,0,56,57
567,28,7,0,0,0,1,0,1,0,56,57
568,28,8,0,0,0,1,0,1,0,56,57
569,28,9,1,0,0,1,0,1,0,56,57
570,28,10,0,0,0,1,0,1,0,56,57
571,28,11,0,1,0,1,0,1,0,56,57
572,28,12,1,0,0,1,0,1,0,56,57
573,28,13,0,0,0,1,0,1,0,56,57
574,28,14,1,0,0,1,0,1,0,56,57
575,28,15,0,0,0,1,0,1,0,56,57
576,28,16,0,1,0,1,0,1,0,56,57
577,28,17,0,0,0,1,0,1,0,56,57
578,28,18,0,0,0,1,0,1,0,56,57
579,28,19,0,0,1,0,1,0,1,56,57
580,29,0,0,0,1,1,1,2,2,58,59
581,29,1,0,0,0,1,0,1,0,58,59
582,29,2,1,0,0,1,1,2,2,58,59
583,29,3,0,0,0,1,0,1,0,58,59
584,29,4,0,0,0,1,1,2,2,58,59
585,29,5,0,0,0,1,0,1,0,58,59
586,29,6,0,0,1,1,1,2,2,58,59
587,29,7,1,0,0,1,0,1,0,58,59
588,29,8,0,1,0,1,1,2,2,58,59
589,29,9,1,0,0,1,0,1,0,58,59
590,29,10,0,0,0,1,1,2,2,58,59
591,29,11,0,0,0,1,0,1,0,58,59
592,29,12,0,1,0,1,1,2,2,58,59
593,29,13,0,0,0,1,0,1,0,58,59
594,29,14,0,0,0,1,1,2,2,58,59
595,29,15,1,0,0,1,0,1,0,58,59
596,29,16,0,0,0,1,1,2,2,58,59
597,29,17,0,0,0,1,0,1,0,58,59
598,29,18,1,1,1,1,1,2,2,58,59
599,29,19,0,0,0,1,0,1,0,58,59
600,30,0,1,0,0,1,0,1,0,60,61
601,30,1,1,0,0,0,0,1,1,60,61
602,30,2,1,0,0,0,0,1,1,60,61
603,30,3,0,0,0,0,0,1,1,60,61
604,30,4,1,0,0,0,0,1,1,60,61
605,30,5,0,0,0,0,0,1,1,60,61
606,30,6,1,0,0,0,0,1,1,60,61
607,30,7,0,1,0,0,0,1,1,60,61
608,30,8,1,0,0,0,0,1,1,60,61
609,30,9,0,0,1,0,1,0,1,60,61
610,30,10,0,0,0,1,1,2,2,60,61
611,30,11,0,0,0,1,1,2,2,60,61
612,30,12,0,0,1,1,0,1,0,60,61
613,30,13,0,0,0,1,0,1,0,60,61
614,30,14,0,0,0,0,0,1,1,60,61
615,30,15,0,0,0,0,0,1,1,60,61
616,30,16,0,0,0,0,0,1,1,60,61
617,30,17,0,0,0,0,0,1,1,60,61
618,30,18,0,0,1,0,1,0,1,60,61
619,30,19,1,0,1,1,0,1,0,60,61
620,31,0,1,0,1,1,1,2,2,62,63
621,31,1,0,0,0,0,1,0,1,62,63
622,31,2,1,0,0,1,0,1,0,62,63
623,31,3,0,1,1,0,0,1,1,62,63
624,31,4,1,0,1,1,1,2,2,62,63
625,31,5,0,0,0,0,1,0,1,62,63
626,31,6,0,0,0,1,0,1,0,62,63
627,31,7,0,0,0,0,1,0,1,62,63
628,31,8,0,0,0,1,0,1,0,62,63
629,31,9,0,0,0,0,1,0,1,62,63
630,31,10,0,0,0,1,0,1,0,62,63
631,31,11,0,0,1,0,0,1,1,62,63
632,31,12,0,1,0,1,0,1,0,62,63
633,31,13,0,0,0,0,1,0,1,62,63
634,31,14,1,0,0,1,0,1,0,62,63
635,31,15,0,0,0,0,1,0,1,62,63
636,31,16,0,0,0,1,0,1,0,62,63
637,31,17,0,0,0,0,1,0,1,62,63
638,31,18,0,0,0,1,0,1,0,62,63
639,31,19,0,0,0,0,1,0,1,62,63
640,32,0,1,0,1,1,0,1,0,64,65
641,32,1,0,0,0,1,0,1,0,64,65
642,32,2,0,0,0,1,0,1,0,64,65
643,32,3,0,0,0,1,0,1,0,64,65
644,32,4,1,0,0,1,0,1,0,64,65
645,32,5,0,0,0,1,0,1,0,64,65
646,32,6,0,1,0,1,0,1,0,64,65
647,32,7,0,0,0,1,0,1,0,64,65
648,32,8,1,0,0,1,0,1,0,64,65
649,32,9,0,0,0,1,0,1,0,64,65
650,32,10,0,0,0,1,0,1,0,64,65
651,32,11,0,1,0,1,0,1,0,64,65
652,32,12,0,0,0,1,0,1,0,64,65
653,32,13,1,0,0,1,0,1,0,64,65
654,32,14,0,0,0,1,0,1,0,64,65
655,32,15,1,1,0,1,0,1,0,64,65
656,32,16,1,0,0,1,0,1,0,64,65
657,32,17,0,0,0,1,0,1,0,64,65
658,32,18,0,1,0,1,0,1,0,64,65
659,32,19,0,0,0,1,0,1,0,64,65
660,33,0,1,0,1,1,1,2,2,66,67
661,33,1,1,0,0,1,1,2,2,66,67
662,33,2,1,0,0,1,1,2,2,66,67
663,33,3,0,0,0,1,1,2,2,66,67
664,33,4,1,1,1,1,1,2,2,66,67
665,33,5,1,0,0,1,1,2,2,66,67
666,33,6,0,0,0,1,1,2,2,66,67
667,33,7,0,0,0,1,1,2,2,66,67
668,33,8,0,0,0,1,1,2,2,66,67
669,33,9,0,0,0,1,1,2,2,66,67
670,33,10,0,0,1,1,1,2,2,66,67
671,33,11,1,0,0,1,1,2,2,66,67
672,33,12,1,1,0,1,1,2,2,66,67
673,33,13,0,1,0,1,1,2,2,66,67
674,33,14,0,0,0,1,1,2,2,66,67
675,33,15,1,0,0,1,1,2,2,66,67
676,33,16,0,0,0,1,1,2,2,66,67
677,33,17,1,0,0,1,1,2,2,66,67
678,33,18,1,0,0,1,1,2,2,66,67
679,33,19,1,0,1,1,1,2,2,66,67
680,34,0,0,0,0,0,0,1,1,68,69
681,34,1,1,0,0,0,1,0,1,68,69
682,34,2,0,1,0,0,0,1,1,68,69
683,34,3,0,0,0,0,0,1,1,68,69
684,34,4,1,0,0,0,1,0,1,68,69
685,34,5,0,0,1,1,1,2,2,68,69
686,34,6,1,0,0,1,1,2,2,68,69
687,34,7,0,0,0,1,1,2,2,68,69
688,34,8,0,0,0,1,1,2,2,68,69
689,34,9,0,0,0,1,1,2,2,68,69
690,34,10,1,0,0,1,1,2,2,68,69
691,34,11,0,0,0,1,1,2,2,68,69
692,34,12,0,0,0,1,1,2,2,68,69
693,34,13,0,0,0,1,1,2,2,68,69
694,34,14,0,0,0,1,1,2,2,68,69
695,34,15,0,0,0,1,1,2,2,68,69
696,34,16,0,0,0,1,1,2,2,68,69
697,34,17,1,0,0,1,1,2,2,68,69
698,34,18,1,0,0,1,1,2,2,68,69
699,34,19,0,0,0,1,1,2,2,68,69
700,35,0,0,0,0,1,0,1,0,70,71
701,35,1,1,0,0,0,1,0,1,70,71
702,35,2,1,1,0,1,0,1,0,70,71
703,35,3,1,0,1,0,1,0,1,70,71
704,35,4,0,1,1,1,0,1,0,70,71
705,35,5,1,0,0,0,1,0,1,70,71
706,35,6,0,0,0,1,0,1,0,70,71
707,35,7,0,1,0,0,1,0,1,70,71
708,35,8,0,0,0,1,0,1,0,70,71
709,35,9,1,1,0,0,1,0,1,70,71
710,35,10,1,0,0,1,0,1,0,70,71
711,35,11,0,1,0,0,1,0,1,70,71
712,35,12,1,0,0,1,0,1,0,70,71
713,35,13,1,0,0,0,1,0,1,70,71
714,35,14,0,0,0,1,0,1,0,70,71
715,35,15,0,0,0,0,1,0,1,70,71
716,35,16,1,0,0,1,0,1,0,70,71
717,35,17,1,0,0,0,1,0,1,70,71
718,35,18,0,0,0,1,0,1,0,70,71
719,35,19,0,0,0,0,1,0,1,70,71
720,36,0,0,1,0,1,0,1,0,72,73
721,36,1,1,0,0,1,1,2,2,72,73
722,36,2,0,0,0,1,0,1,0,72,73
723,36,3,1,0,1,0,1,0,1,72,73
724,36,4,0,1,0,0,0,1,1,72,73
725,36,5,1,0,0,0,0,1,1,72,73
726,36,6,1,0,0,0,0,1,1,72,73
727,36,7,0,0,0,0,0,1,1,72,73
728,36,8,0,1,0,0,0,1,1,72,73
729,36,9,1,0,0,0,0,1,1,72,73
730,36,10,1,0,1,1,0,1,0,72,73
731,36,11,0,0,0,1,0,1,0,72,73
732,36,12,0,0,0,1,0,1,0,72,73
733,36,13,1,0,0,1,1,2,2,72,73
734,36,14,1,0,0,1,1,2,2,72,73
735,36,15,0,0,0,1,0,1,0,72,73
736,36,16,0,0,1,0,0,1,1,72,73
737,36,17,0,1,0,0,0,1,1,72,73
738,36,18,0,0,0,0,0,1,1,72,73
739,36,19,1,0,0,0,0,1,1,72,73
740,37,0,1,1,0,0,1,0,1,74,75
741,37,1,0,0,1,1,1,2,2,74,75
742,37,2,1,0,0,0,1,0,1,74,75
743,37,3,0,0,0,1,0,1,0,74,75
744,37,4,0,0,0,0,1,0,1,74,75
745,37,5,0,1,0,1,0,1,0,74,75
746,37,6,0,0,0,0,1,0,1,74,75
747,37,7,0,0,0,1,0,1,0,74,75
748,37,8,0,0,0,0,1,0,1,74,75
749,37,9,0,0,0,1,0,1,0,74,75
750,37,10,0,0,1,0,0,1,1,74,75
751,37,11,0,0,0,1,0,1,0,74,75
752,37,12,0,0,0,0,1,0,1,74,75
753,37,13,1,0,0,1,1,2,2,74,75
754,37,14,0,0,0,0,1,0,1,74,75
755,37,15,1,1,0,1,1,2,2,74,75
756,37,16,0,0,0,0,1,0,1,74,75
757,37,17,0,1,0,1,0,1,0,74,75
758,37,18,0,0,1,0,0,1,1,74,75
759,37,19,0,1,1,1,1,2,2,74,75
760,38,0,0,0,0,0,1,0,1,76,77
761,38,1,0,0,0,1,0,1,0,76,77
762,38,2,0,0,0,0,1,0,1,76,77
763,38,3,1,0,0,1,0,1,0,76,77
764,38,4,1,0,0,0,1,0,1,76,77
765,38,5,0,0,1,1,0,1,0,76,77
766,38,6,0,0,0,0,1,0,1,76,77
767,38,7,1,0,0,1,0,1,0,76,77
768,38,8,1,0,0,0,1,0,1,76,77
769,38,9,1,0,0,1,0,1,0,76,77
770,38,10,0,0,0,0,1,0,1,76,77
771,38,11,0,0,0,1,0,1,0,76,77
772,38,12,1,0,0,0,1,0,1,76,77
773,38,13,1,1,0,1,0,1,0,76,77
774,38,14,1,0,0,0,1,0,1,76,77
775,38,15,0,0,0,1,0,1,0,76,77
776,38,16,0,0,1,0,1,0,1,76,77
777,38,17,1,0,0,1,0,1,0,76,77
778,38,18,0,0,0,0,1,0,1,76,77
779,38,19,0,0,0,1,0,1,0,76,77
780,39,0,0,0,1,1,1,2,2,78,79
781,39,1,1,0,0,1,1,2,2,78,79
782,39,2,0,0,1,0,0,1,1,78,79
783,39,3,1,1,0,0,1,0,1,78,79
784,39,4,0,0,0,0,0,1,1,78,79
785,39,5,1,0,0,0,1,0,1,78,79
786,39,6,0,0,0,0,0,1,1,78,79
787,39,7,1,0,0,0,1,0,1,78,79
788,39,8,1,0,0,0,1,0,1,78,79
789,39,9,0,0,0,0,0,1,1,78,79
790,39,10,0,0,0,0,0,1,1,78,79
791,39,11,0,0,0,0,0,1,1,78,79
792,39,12,0,0,0,0,0,1,1,78,79
793,39,13,1,0,0,0,1,0,1,78,79
794,39,14,0,0,0,0,0,1,1,78,79
795,39,15,0,0,0,0,0,1,1,78,79
796,39,16,0,1,0,0,0,1,1,78,79
797,39,17,1,0,1,1,0,1,0,78,79
798,39,18,0,1,0,1,1,2,2,78,79
799,39,19,0,0,0,1,1,2,2,78,79
800,40,0,0,0,0,0,0,1,1,80,81
801,40,1,0,0,0,0,0,1,1,80,81
802,40,2,1,0,0,0,1,0,1,80,81
803,40,3,1,1,0,1,1,2,2,80,81
804,40,4,0,1,0,0,1,0,1,80,81
805,40,5,1,1,0,1,1,2,2,80,81
806,40,6,1,0,1,1,0,1,0,80,81
807,40,7,0,1,0,0,1,0,1,80,81
808,40,8,1,1,1,1,0,1,0,80,81
809,40,9,0,1,0,0,1,0,1,80,81
810,40,10,0,1,0,0,0,1,1,80,81
811,40,11,1,0,0,0,1,0,1,80,81
812,40,12,0,0,0,0,0,1,1,80,81
813,40,13,1,0,0,0,1,0,1,80,81
814,40,14,1,0,0,1,1,2,2,80,81
815,40,15,1,0,0,1,1,2,2,80,81
816,40,16,1,0,0,1,1,2,2,80,81
817,40,17,1,1,0,1,1,2,2,80,81
818,40,18,0,0,0,0,1,0,1,80,81
819,40,19,1,1,0,1,1,2,2,80,81
820,41,0,0,0,0,0,0,1,1,82,83
821,41,1,1,0,1,0,0,1,1,82,83
822,41,2,1,1,0,0,0,1,1,82,83
823,41,3,0,1,0,0,0,1,1,82,83
824,41,4,1,0,0,0,0,1,1,82,83
825,41,5,1,0,0,0,0,1,1,82,83
826,41,6,0,0,0,0,0,1,1,82,83
827,41,7,1,1,0,0,0,1,1,82,83
828,41,8,0,0,0,0,0,1,1,82,83
829,41,9,0,0,0,0,0,1,1,82,83
830,41,10,0,0,0,0,0,1,1,82,83
831,41,11,0,0,0,0,0,1,1,82,83
832,41,12,1,0,0,0,0,1,1,82,83
833,41,13,1,0,0,0,0,1,1,82,83
834,41,14,0,0,0,0,0,1,1,82,83
835,41,15,0,0,0,0,0,1,1,82,83
836,41,16,1,1,0,0,0,1,1,82,83
837,41,17,1,0,0,0,0,1,1,82,83
838,41,18,0,0,1,0,0,1,1,82,83
839,41,19,1,0,0,0,0,1,1,82,83
840,42,0,0,0,1,1,1,2,2,84,85
841,42,1,0,1,0,1,1,2,2,84,85
842,42,2,0,0,0,1,1,2,2,84,85
843,42,3,0,0,0,1,1,2,2,84,85
844,42,4,0,0,0,1,1,2,2,84,85
845,42,5,0,0,0,1,1,2,2,84,85
846,42,6,0,0,0,1,1,2,2,84,85
847,42,7,1,1,0,1,1,2,2,84,85
848,42,8,0,1,0,1,1,2,2,84,85
849,42,9,0,0,0,1,1,2,2,84,85
850,42,10,0,0,0,1,1,2,2,84,85
851,42,11,0,0,0,1,1,2,2,84,85
852,42,12,0,0,0,1,1,2,2,84,85
853,42,13,0,0,1,1,1,2,2,84,85
854,42,14,0,0,0,1,1,2,2,84,85
855,42,15,0,0,0,1,1,2,2,84,85
856,42,16,0,1,0,1,1,2,2,84,85
857,42,17,0,0,0,1,1,2,2,84,85
858,42,18,1,0,0,1,1,2,2,84,85
859,42,19,0,0,0,1,1,2,2,84,85
860,43,0,0,0,0,0,0,1,1,86,87
861,43,1,0,0,0,0,0,1,1,86,87
862,43,2,1,0,0,0,1,0,1,86,87
863,43,3,1,0,0,0,1,0,1,86,87
864,43,4,0,1,0,0,0,1,1,86,87
865,43,5,0,0,0,0,0,1,1,86,87
866,43,6,1,0,1,1,0,1,0,86,87
867,43,7,0,0,0,1,1,2,2,86,87
868,43,8,1,1,0,1,1,2,2,86,87
869,43,9,1,0,0,1,1,2,2,86,87
870,43,10,0,1,1,0,0,1,1,86,87
871,43,11,0,1,0,0,0,1,1,86,87
872,43,12,1,0,0,0,1,0,1,86,87
873,43,13,1,1,0,0,1,0,1,86,87
874,43,14,1,0,0,0,1,0,1,86,87
875,43,15,0,0,0,0,0,1,1,86,87
876,43,16,0,0,0,0,0,1,1,86,87
877,43,17,0,0,0,0,0,1,1,86,87
878,43,18,1,0,0,0,1,0,1,86,87
879,43,19,1,0,0,0,1,0,1,86,87
880,44,0,1,0,0,0,1,0,1,88,89
881,44,1,1,0,0,1,1,2,2,88,89
882,44,2,0,0,0,1,1,2,2,88,89
883,44,3,0,0,0,1,1,2,2,88,89
884,44,4,0,0,1,1,0,1,0,88,89
885,44,5,0,1,0,0,1,0,1,88,89
886,44,6,0,0,0,1,0,1,0,88,89
887,44,7,0,0,0,0,1,0,1,88,89
888,44,8,0,0,1,1,1,2,2,88,89
889,44,9,0,0,0,1,1,2,2,88,89
890,44,10,1,0,0,1,1,2,2,88,89
891,44,11,1,0,0,1,1,2,2,88,89
892,44,12,0,0,0,1,1,2,2,88,89
893,44,13,0,0,0,1,1,2,2,88,89
894,44,14,1,0,0,1,1,2,2,88,89
895,44,15,1,0,0,1,1,2,2,88,89
896,44,16,0,0,0,1,1,2,2,88,89
897,44,17,1,0,0,1,1,2,2,88,89
898,44,18,0,1,0,1,1,2,2,88,89
899,44,19,0,0,0,1,1,2,2,88,89
900,45,0,0,0,0,1,1,2,2,90,91
901,45,1,1,1,0,1,1,2,2,90,91
902,45,2,0,0,0,1,1,2,2,90,91
903,45,3,1,0,0,1,1,2,2,90,91
904,45,4,0,0,1,1,1,2,2,90,91
905,45,5,1,0,0,1,1,2,2,90,91
906,45,6,0,0,0,1,1,2,2,90,91
907,45,7,1,0,0,1,1,2,2,90,91
908,45,8,0,0,1,1,1,2,2,90,91
909,45,9,0,0,1,1,1,2,2,90,91
910,45,10,1,0,0,1,1,2,2,90,91
911,45,11,0,1,0,1,1,2,2,90,91
912,45,12,0,0,0,1,1,2,2,90,91
913,45,13,0,0,0,1,1,2,2,90,91
914,45,14,1,0,0,1,1,2,2,90,91
915,45,15,1,0,0,1,1,2,2,90,91
916,45,16,1,1,0,1,1,2,2,90,91
917,45,17,0,0,0,1,1,2,2,90,91
918,45,18,1,1,0,1,1,2,2,90,91
919,45,19,1,0,0,1,1,2,2,90,91
920,46,0,0,1,1,1,1,2,2,92,93
921,46,1,0,0,0,1,0,1,0,92,93
922,46,2,0,0,0,0,1,0,1,92,93
923,46,3,0,0,0,1,0,1,0,92,93
924,46,4,1,1,0,1,1,2,2,92,93
925,46,5,0,0,0,1,0,1,0,92,93
926,46,6,0,0,0,0,1,0,1,92,93
927,46,7,0,0,0,1,0,1,0,92,93
928,46,8,1,0,0,1,1,2,2,92,93
929,46,9,1,0,0,1,0,1,0,92,93
930,46,10,0,0,0,0,1,0,1,92,93
931,46,11,0,0,0,1,0,1,0,92,93
932,46,12,0,0,0,0,1,0,1,92,93
933,46,13,0,0,0,1,0,1,0,92,93
934,46,14,0,0,0,0,1,0,1,92,93
935,46,15,1,0,0,1,0,1,0,92,93
936,46,16,1,1,0,1,1,2,2,92,93
937,46,17,0,0,0,1,0,1,0,92,93
938,46,18,1,0,0,1,1,2,2,92,93
939,46,19,1,0,0,1,0,1,0,92,93
940,47,0,1,0,0,0,0,1,1,94,95
941,47,1,0,0,1,1,0,1,0,94,95
942,47,2,0,0,0,0,0,1,1,94,95
943,47,3,1,0,0,0,0,1,1,94,95
944,47,4,0,0,0,0,0,1,1,94,95
945,47,5,0,0,0,0,0,1,1,94,95
946,47,6,0,0,0,0,0,1,1,94,95
947,47,7,0,0,0,0,0,1,1,94,95
948,47,8,0,0,0,0,0,1,1,94,95
949,47,9,0,1,0,0,0,1,1,94,95
950,47,10,0,0,0,0,0,1,1,94,95
951,47,11,1,1,0,0,0,1,1,94,95
952,47,12,1,0,0,0,0,1,1,94,95
953,47,13,0,0,0,0,0,1,1,94,95
954,47,14,0,0,0,0,0,1,1,94,95
955,47,15,1,0,0,0,0,1,1,94,95
956,47,16,1,0,0,0,0,1,1,94,95
957,47,17,1,0,0,0,0,1,1,94,95
958,47,18,0,0,0,0,0,1,1,94,95
959,47,19,1,0,0,0,0,1,1,94,95
960,48,0,0,1,0,1,0,1,0,96,97
961,48,1,1,0,0,0,1,0,1,96,97
962,48,2,0,0,0,1,0,1,0,96,97
963,48,3,0,0,0,0,1,0,1,96,97
964,48,4,1,0,0,1,0,1,0,96,97
965,48,5,0,0,0,0,1,0,1,96,97
966,48,6,1,0,0,1,0,1,0,96,97
967,48,7,1,0,0,0,1,0,1,96,97
968,48,8,0,0,0,1,0,1,0,96,97
969,48,9,1,0,0,0,1,0,1,96,97
970,48,10,0,0,0,1,0,1,0,96,97
971,48,11,1,0,0,0,1,0,1,96,97
972,48,12,0,0,0,1,0,1,0,96,97
973,48,13,0,0,0,0,1,0,1,96,97
974,48,14,1,0,0,1,0,1,0,96,97
975,48,15,0,0,0,0,1,0,1,96,97
976,48,16,1,1,1,1,1,2,2,96,97
977,48,17,1,0,0,0,1,0,1,96,97
978,48,18,1,0,0,1,0,1,0,96,97
979,48,19,0,0,0,0,1,0,1,96,97
980,49,0,0,0,0,0,1,0,1,98,99
981,49,1,1,0,0,1,0,1,0,98,99
982,49,2,0,0,0,0,1,0,1,98,99
983,49,3,0,0,0,0,1,0,1,98,99
984,49,4,0,0,0,0,0,1,1,98,99
985,49,5,0,0,0,0,0,1,1,98,99
986,49,6,1,0,1,0,0,1,1,98,99
987,49,7,1,0,1,0,0,1,1,98,99
988,49,8,0,0,0,0,0,1,1,98,99
989,49,9,0,0,0,0,0,1,1,98,99
990,49,10,1,0,0,0,0,1,1,98,99
991,49,11,1,1,0,0,0,1,1,98,99
992,49,12,0,0,0,0,0,1,1,98,99
993,49,13,0,0,0,0,0,1,1,98,99
994,49,14,0,1,1,0,0,1,1,98,99
995,49,15,1,0,0,0,0,1,1,98,99
996,49,16,0,0,0,0,0,1,1,98,99
997,49,17,0,0,0,0,0,1,1,98,99
998,49,18,0,0,1,0,0,1,1,98,99
999,49,19,0,0,0,0,0,1,1,98,99
1000,50,0,1,0,1,0,1,0,1,100,101
1001,50,1,0,0,0,1,0,1,0,100,101
1002,50,2,0,0,0,0,1,0,1,100,101
1003,50,3,0,0,0,1,0,1,0,100,101
1004,50,4,1,0,0,0,1,0,1,100,101
1005,50,5,1,0,0,1,0,1,0,100,101
1006,50,6,1,0,1,1,1,2,2,100,101
1007,50,7,1,0,0,1,1,2,2,100,101
1008,50,8,1,0,1,0,1,0,1,100,101
1009,50,9,0,0,0,1,0,1,0,100,101
1010,50,10,1,1,0,0,1,0,1,100,101
1011,50,11,0,0,1,0,0,1,1,100,101
1012,50,12,0,1,0,0,0,1,1,100,101
1013,50,13,1,0,0,0,0,1,1,100,101
1014,50,14,1,0,0,0,0,1,1,100,101
1015,50,15,0,0,0,0,0,1,1,100,101
1016,50,16,0,0,0,0,0,1,1,100,101
1017,50,17,0,0,0,0,0,1,1,100,101
1018,50,18,0,0,0,0,0,1,1,100,101
1019,50,19,0,0,0,0,0,1,1,100,101
1020,51,0,0,0,1,1,0,1,0,102,103
1021,51,1,0,1,0,1,0,1,0,102,103
1022,51,2,0,0,0,1,0,1,0,102,103
1023,51,3,1,0,0,1,0,1,0,102,103
1024,51,4,0,0,0,1,0,1,0,102,103
1025,51,5,1,0,0,1,0,1,0,102,103
1026,51,6,1,0,0,1,0,1,0,102,103
1027,51,7,1,0,0,1,0,1,0,102,103
1028,51,8,0,0,1,0,1,0,1,102,103
1029,51,9,1,0,0,0,1,0,1,102,103
1030,51,10,0,0,0,0,1,0,1,102,103
1031,51,11,0,0,0,0,1,0,1,102,103
1032,51,12,1,1,0,0,1,0,1,102,103
1033,51,13,0,0,0,0,1,0,1,102,103
1034,51,14,0,0,0,0,1,0,1,102,103
1035,51,15,1,1,0,0,1,0,1,102,103
1036,51,16,0,0,0,0,1,0,1,102,103
1037,51,17,0,0,1,1,0,1,0,102,103
1038,51,18,0,0,0,1,0,1,0,102,103
1039,51,19,0,0,0,1,0,1,0,102,103
1040,52,0,0,0,0,1,1,2,2,104,105
1041,52,1,0,0,0,1,1,2,2,104,105
1042,52,2,0,0,0,1,1,2,2,104,105
1043,52,3,0,0,0,1,1,2,2,104,105
1044,52,4,1,0,0,1,1,2,2,104,105
1045,52,5,1,1,0,1,1,2,2,104,105
1046,52,6,0,0,0,1,1,2,2,104,105
1047,52,7,0,0,0,1,1,2,2,104,105
1048,52,8,1,0,0,1,1,2,2,104,105
1049,52,9,1,0,1,1,0,1,0,104,105
1050,52,10,1,0,0,0,1,0,1,104,105
1051,52,11,0,0,0,1,0,1,0,104,105
1052,52,12,0,1,0,0,1,0,1,104,105
1053,52,13,0,0,0,1,0,1,0,104,105
1054,52,14,0,0,1,0,0,1,1,104,105
1055,52,15,0,0,1,0,1,0,1,104,105
1056,52,16,1,0,0,1,1,2,2,104,105
1057,52,17,1,1,0,1,1,2,2,104,105
1058,52,18,0,0,0,1,1,2,2,104,105
1059,52,19,0,0,0,1,1,2,2,104,105
1060,53,0,1,0,0,1,0,1,0,106,107
1061,53,1,1,0,0,1,1,2,2,106,107
1062,53,2,0,0,0,1,1,2,2,106,107
1063,53,3,0,0,0,1,1,2,2,106,107
1064,53,4,0,1,0,1,1,2,2,106,107
1065,53,5,1,0,0,1,1,2,2,106,107
1066,53,6,1,0,0,1,1,2,2,106,107
1067,53,7,0,0,0,1,1,2,2,106,107
1068,53,8,1,0,1,0,0,1,1,106,107
1069,53,9,1,0,0,1,0,1,0,106,107
1070,53,10,1,0,0,1,1,2,2,106,107
1071,53,11,0,0,0,1,1,2,2,106,107
1072,53,12,0,0,0,1,1,2,2,106,107
1073,53,13,1,0,1,0,0,1,1,106,107
1074,53,14,1,0,0,1,0,1,0,106,107
1075,53,15,0,0,0,0,1,0,1,106,107
1076,53,16,1,0,0,1,0,1,0,106,107
1077,53,17,1,0,0,1,1,2,2,106,107
1078,53,18,0,0,0,1,1,2,2,106,107
1079,53,19,0,0,0,1,1,2,2,106,107
1080,54,0,0,0,1,1,1,2,2,108,109
1081,54,1,1,0,0,1,1,2,2,108,109
1082,54,2,1,1,0,1,1,2,2,108,109
1083,54,3,0,0,0,1,1,2,2,108,109
1084,54,4,1,0,0,1,1,2,2,108,109
1085,54,5,1,0,0,1,1,2,2,108,109
1086,54,6,0,0,0,1,1,2,2,108,109
1087,54,7,1,1,0,1,1,2,2,108,109
1088,54,8,0,0,0,1,1,2,2,108,109
1089,54,9,0,1,0,1,1,2,2,108,109
1090,54,10,0,0,0,1,1,2,2,108,109
1091,54,11,1,0,0,1,1,2,2,108,109
1092,54,12,1,0,0,1,1,2,2,108,109
1093,54,13,0,1,0,1,1,2,2,108,109
1094,54,14,1,0,0,1,1,2,2,108,109
1095,54,15,0,0,0,1,1,2,2,108,109
1096,54,16,0,0,0,1,1,2,2,108,109
1097,54,17,1,1,0,1,1,2,2,108,109
1098,54,18,1,0,0,1,1,2,2,108,109
1099,54,19,1,0,1,0,0,1,1,108,109
1100,55,0,0,0,0,0,1,0,1,110,111
1101,55,1,0,0,1,1,0,1,0,110,111
1102,55,2,1,1,0,0,1,0,1,110,111
1103,55,3,1,0,0,1,1,2,2,110,111
1104,55,4,0,0,0,1,1,2,2,110,111
1105,55,5,0,0,0,1,1,2,2,110,111
1106,55,6,1,1,0,1,1,2,2,110,111
1107,55,7,1,0,0,1,1,2,2,110,111
1108,55,8,1,0,0,1,1,2,2,110,111
1109,55,9,0,1,0,1,1,2,2,110,111
1110,55,10,0,1,0,1,1,2,2,110,111
1111,55,11,0,0,1,1,1,2,2,110,111
1112,55,12,1,0,0,1,1,2,2,110,111
1113,55,13,1,0,0,1,1,2,2,110,111
1114,55,14,0,0,0,1,1,2,2,110,111
1115,55,15,0,0,0,1,1,2,2,110,111
1116,55,16,1,0,0,1,1,2,2,110,111
1117,55,17,0,0,0,1,1,2,2,110,111
1118,55,18,0,0,0,1,1,2,2,110,111
1119,55,19,1,0,0,1,1,2,2,110,111
1120,56,0,0,1,0,1,1,2,2,112,113
1121,56,1,1,0,0,1,1,2,2,112,113
1122,56,2,1,0,0,1,1,2,2,112,113
1123,56,3,0,0,0,1,1,2,2,112,113
1124,56,4,0,0,0,1,1,2,2,112,113
1125,56,5,1,0,0,1,1,2,2,112,113
1126,56,6,0,1,0,1,1,2,2,112,113
1127,56,7,0,0,0,1,1,2,2,112,113
1128,56,8,1,1,0,1,1,2,2,112,113
1129,56,9,1,0,1,1,1,2,2,112,113
1130,56,10,1,1,1,1,1,2,2,112,113
1131,56,11,1,0,0,1,1,2,2,112,113
1132,56,12,1,1,0,1,1,2,2,112,113
1133,56,13,1,0,0,1,1,2,2,112,113
1134,56,14,0,0,0,1,1,2,2,112,113
1135,56,15,1,0,0,1,1,2,2,112,113
1136,56,16,0,0,1,1,1,2,2,112,113
1137,56,17,1,0,0,1,1,2,2,112,113
1138,56,18,1,0,0,1,1,2,2,112,113
1139,56,19,0,0,0,1,1,2,2,112,113
1140,57,0,0,0,0,0,1,0,1,114,115
1141,57,1,0,0,1,0,0,1,1,114,115
1142,57,2,0,1,0,0,0,1,1,114,115
1143,57,3,1,0,0,0,1,0,1,114,115
1144,57,4,1,0,0,1,1,2,2,114,115
1145,57,5,0,0,0,0,1,0,1,114,115
1146,57,6,1,0,1,1,1,2,2,114,115
1147,57,7,0,1,0,0,1,0,1,114,115
1148,57,8,0,0,0,0,0,1,1,114,115
1149,57,9,1,0,0,0,1,0,1,114,115
1150,57,10,0,0,0,0,0,1,1,114,115
1151,57,11,1,0,1,0,1,0,1,114,115
1152,57,12,1,1,0,1,1,2,2,114,115
1153,57,13,0,1,0,0,1,0,1,114,115
1154,57,14,1,0,1,1,1,2,2,114,115
1155,57,15,0,1,1,0,1,0,1,114,115
1156,57,16,0,0,0,0,0,1,1,114,115
1157,57,17,0,0,0,0,0,1,1,114,115
1158,57,18,1,0,1,0,1,0,1,114,115
1159,57,19,0,0,0,0,0,1,1,114,115
1160,58,0,0,0,0,0,0,1,1,116,117
1161,58,1,1,0,0,0,0,1,1,116,117
1162,58,2,0,0,0,0,0,1,1,116,117
1163,58,3,0,1,0,0,0,1,1,116,117
1164,58,4,1,0,0,0,0,1,1,116,117
1165,58,5,0,0,0,0,0,1,1,116,117
1166,58,6,1,1,0,0,0,1,1,116,117
1167,58,7,1,0,0,0,0,1,1,116,117
1168,58,8,0,0,0,0,0,1,1,116,117
1169,58,9,0,0,1,0,0,1,1,116,117
1170,58,10,1,0,0,0,0,1,1,116,117
1171,58,11,0,0,0,0,0,1,1,116,117
1172,58,12,1,1,1,0,0,1,1,116,117
1173,58,13,0,0,0,0,0,1,1,116,117
1174,58,14,0,1,0,0,0,1,1,116,117
1175,58,15,1,0,1,0,0,1,1,116,117
1176,58,16,0,0,0,0,0,1,1,116,117
1177,58,17,1,0,0,0,0,1,1,116,117
1178,58,18,0,0,1,0,0,1,1,116,117
1179,58,19,0,0,0,0,0,1,1,116,117
1180,59,0,0,0,0,1,1,2,2,118,119
1181,59,1,0,0,0,1,1,2,2,118,119
1182,59,2,0,0,0,1,1,2,2,118,119
1183,59,3,0,0,0,1,1,2,2,118,119
1184,59,4,0,0,0,1,1,2,2,118,119
1185,59,5,0,0,0,1,1,2,2,118,119
1186,59,6,0,0,0,1,1,2,2,118,119
1187,59,7,1,0,0,1,1,2,2,118,119
1188,59,8,0,0,1,0,0,1,1,118,119
1189,59,9,1,0,0,1,1,2,2,118,119
1190,59,10,0,0,0,1,1,2,2,118,119
1191,59,11,0,0,0,1,1,2,2,118,119
1192,59,12,0,0,1,0,0,1,1,118,119
1193,59,13,0,0,0,0,0,1,1,118,119
1194,59,14,1,1,0,1,1,2,2,118,119
1195,59,15,0,0,0,1,1,2,2,118,119
1196,59,16,1,0,0,1,1,2,2,118,119
1197,59,17,1,0,0,1,1,2,2,118,119
1198,59,18,1,0,0,1,1,2,2,118,119
1199,59,19,1,0,0,1,1,2,2,118,119
1200,60,0,1,0,1,1,1,2,2,120,121
1201,60,1,0,0,0,1,1,2,2,120,121
1202,60,2,0,1,0,1,1,2,2,120,121
1203,60,3,0,0,0,1,1,2,2,120,121
1204,60,4,0,0,0,1,1,2,2,120,121
1205,60,5,1,0,0,1,1,2,2,120,121
1206,60,6,1,0,0,1,1,2,2,120,121
1207,60,7,0,0,0,1,1,2,2,120,121
1208,60,8,0,0,0,1,1,2,2,120,121
1209,60,9,0,0,0,1,1,2,2,120,121
1210,60,10,0,1,0,1,1,2,2,120,121
1211,60,11,0,0,0,1,1,2,2,120,121
1212,60,12,0,1,0,1,1,2,2,120,121
1213,60,13,0,0,0,1,1,2,2,120,121
1214,60,14,0,0,0,1,1,2,2,120,121
1215,60,15,0,0,0,1,1,2,2,120,121
1216,60,16,1,0,0,1,1,2,2,120,121
1217,60,17,0,0,0,1,1,2,2,120,121
1218,60,18,0,0,0,1,1,2,2,120,121
1219,60,19,1,0,0,1,1,2,2,120,121
1220,61,0,1,0,0,1,1,2,2,122,123
1221,61,1,0,0,0,1,1,2,2,122,123
1222,61,2,0,0,0,1,1,2,2,122,123
1223,61,3,1,0,1,1,0,1,0,122,123
1224,61,4,0,0,0,1,1,2,2,122,123
1225,61,5,0,0,1,1,0,1,0,122,123
1226,61,6,0,0,1,1,0,1,0,122,123
1227,61,7,1,0,0,1,1,2,2,122,123
1228,61,8,0,0,1,1,0,1,0,122,123
1229,61,9,0,0,0,1,1,2,2,122,123
1230,61,10,0,0,1,1,0,1,0,122,123
1231,61,11,1,0,0,1,1,2,2,122,123
1232,61,12,0,0,0,1,1,2,2,122,123
1233,61,13,0,0,0,1,1,2,2,122,123
1234,61,14,0,0,0,1,1,2,2,122,123
1235,61,15,0,1,0,1,1,2,2,122,123
1236,61,16,0,0,0,1,1,2,2,122,123
1237,61,17,0,0,0,1,1,2,2,122,123
1238,61,18,0,0,0,1,1,2,2,122,123
1239,61,19,1,0,0,1,1,2,2,122,123
1240,62,0,1,0,1,0,1,0,1,124,125
1241,62,1,1,0,0,0,0,1,1,124,125
1242,62,2,1,0,0,0,0,1,1,124,125
1243,62,3,0,0,0,0,0,1,1,124,125
1244,62,4,0,1,0,0,0,1,1,124,125
1245,62,5,0,0,0,0,0,1,1,124,125
1246,62,6,1,1,0,0,0,1,1,124,125
1247,62,7,1,0,0,0,0,1,1,124,125
1248,62,8,0,0,0,0,0,1,1,124,125
1249,62,9,0,0,0,0,0,1,1,124,125
1250,62,10,1,0,1,0,1,0,1,124,125
1251,62,11,1,0,0,0,0,1,1,124,125
1252,62,12,0,0,0,0,0,1,1,124,125
1253,62,13,1,0,0,0,0,1,1,124,125
1254,62,14,0,0,0,0,0,1,1,124,125
1255,62,15,0,0,0,0,0,1,1,124,125
1256,62,16,0,0,0,0,0,1,1,124,125
1257,62,17,0,0,0,0,0,1,1,124,125
1258,62,18,0,0,0,0,0,1,1,124,125
1259,62,19,1,0,0,0,0,1,1,124,125
1260,63,0,0,0,0,1,0,1,0,126,127
1261,63,1,1,0,0,0,1,0,1,126,127
1262,63,2,0,0,0,1,0,1,0,126,127
1263,63,3,0,1,0,0,0,1,1,126,127
1264,63,4,0,0,1,0,0,1,1,126,127
1265,63,5,0,1,0,0,0,1,1,126,127
1266,63,6,0,0,0,0,0,1,1,126,127
1267,63,7,1,1,0,0,0,1,1,126,127
1268,63,8,0,0,0,0,0,1,1,126,127
1269,63,9,0,0,0,0,0,1,1,126,127
1270,63,10,1,1,0,0,0,1,1,126,127
1271,63,11,1,0,0,0,0,1,1,126,127
1272,63,12,1,0,1,0,0,1,1,126,127
1273,63,13,0,0,0,0,0,1,1,126,127
1274,63,14,0,0,0,0,0,1,1,126,127
1275,63,15,0,0,0,0,0,1,1,126,127
1276,63,16,1,1,0,0,0,1,1,126,127
1277,63,17,0,0,0,0,0,1,1,126,127
1278,63,18,0,0,0,0,0,1,1,126,127
1279,63,19,0,0,0,0,0,1,1,126,127
1280,64,0,1,0,0,1,0,1,0,128,129
1281,64,1,0,0,1,0,0,1,1,128,129
1282,64,2,0,0,0,1,0,1,0,128,129
1283,64,3,1,0,0,0,1,0,1,128,129
1284,64,4,0,0,0,1,0,1,0,128,129
1285,64,5,0,0,0,0,0,1,1,128,129
1286,64,6,0,1,0,1,0,1,0,128,129
1287,64,7,0,0,0,0,0,1,1,128,129
1288,64,8,1,0,0,1,0,1,0,128,129
1289,64,9,0,0,0,0,0,1,1,128,129
1290,64,10,0,0,0,1,0,1,0,128,129
1291,64,11,1,0,0,0,1,0,1,128,129
1292,64,12,1,0,0,1,0,1,0,128,129
1293,64,13,1,1,0,0,1,0,1,128,129
1294,64,14,0,1,0,1,0,1,0,128,129
1295,64,15,1,0,0,0,1,0,1,128,129
1296,64,16,1,1,0,1,0,1,0,128,129
1297,64,17,0,0,0,0,0,1,1,128,129
1298,64,18,0,0,0,1,0,1,0,128,129
1299,64,19,1,0,0,0,1,0,1,128,129
1300,65,0,0,0,0,0,1,0,1,130,131
1301,65,1,0,0,0,1,0,1,0,130,131
1302,65,2,0,0,0,0,1,0,1,130,131
1303,65,3,0,0,0,1,0,1,0,130,131
1304,65,4,0,0,0,0,1,0,1,130,131
1305,65,5,1,0,0,1,0,1,0,130,131
1306,65,6,0,1,0,0,1,0,1,130,131
1307,65,7,0,0,0,1,0,1,0,130,131
1308,65,8,1,0,0,0,1,0,1,130,131
1309,65,9,0,0,0,1,0,1,0,130,131
1310,65,10,0,0,0,0,1,0,1,130,131
1311,65,11,0,0,0,1,0,1,0,130,131
1312,65,12,1,0,0,0,1,0,1,130,131
1313,65,13,1,1,0,1,0,1,0,130,131
1314,65,14,1,0,0,0,1,0,1,130,131
1315,65,15,0,0,0,1,0,1,0,130,131
1316,65,16,0,1,0,0,1,0,1,130,131
1317,65,17,0,0,1,0,0,1,1,130,131
1318,65,18,1,1,0,0,0,1,1,130,131
1319,65,19,1,0,0,0,0,1,1,130,131
1320,66,0,0,0,0,0,0,1,1,132,133
1321,66,1,1,0,0,1,0,1,0,132,133
1322,66,2,0,0,0,0,0,1,1,132,133
1323,66,3,1,0,0,1,0,1,0,132,133
1324,66,4,1,0,0,1,0,1,0,132,133
1325,66,5,1,1,0,1,0,1,0,132,133
1326,66,6,0,0,0,0,0,1,1,132,133
1327,66,7,0,0,0,0,0,1,1,132,133
1328,66,8,1,0,0,1,0,1,0,132,133
1329,66,9,0,0,0,0,0,1,1,132,133
1330,66,10,0,0,0,0,0,1,1,132,133
1331,66,11,1,0,0,1,0,1,0,132,133
1332,66,12,0,0,0,0,0,1,1,132,133
1333,66,13,1,0,0,1,0,1,0,132,133
1334,66,14,0,1,0,0,0,1,1,132,133
1335,66,15,0,0,0,0,0,1,1,132,133
1336,66,16,0,0,0,0,0,1,1,132,133
1337,66,17,0,0,0,0,0,1,1,132,133
1338,66,18,1,0,0,1,0,1,0,132,133
1339,66,19,1,0,0,1,0,1,0,132,133
1340,67,0,1,0,0,1,1,2,2,134,135
1341,67,1,0,0,0,1,1,2,2,134,135
1342,67,2,1,0,0,1,1,2,2,134,135
1343,67,3,1,1,0,1,1,2,2,134,135
1344,67,4,0,1,0,1,1,2,2,134,135
1345,67,5,0,1,0,1,1,2,2,134,135
1346,67,6,1,0,0,1,1,2,2,134,135
1347,67,7,0,1,0,1,1,2,2,134,135
1348,67,8,1,0,0,1,1,2,2,134,135
1349,67,9,1,0,0,1,1,2,2,134,135
1350,67,10,1,0,0,1,1,2,2,134,135
1351,67,11,1,0,0,1,1,2,2,134,135
1352,67,12,0,0,0,1,1,2,2,134,135
1353,67,13,0,0,0,1,1,2,2,134,135
1354,67,14,0,1,0,1,1,2,2,134,135
1355,67,15,1,0,0,1,1,2,2,134,135
1356,67,16,0,0,0,1,1,2,2,134,135
1357,67,17,0,0,0,1,1,2,2,134,135
1358,67,18,0,0,0,1,1,2,2,134,135
1359,67,19,0,0,0,1,1,2,2,134,135
1360,68,0,1,1,0,1,0,1,0,136,137
1361,68,1,0,0,0,0,0,1,1,136,137
1362,68,2,1,0,0,1,0,1,0,136,137
1363,68,3,0,0,0,0,0,1,1,136,137
1364,68,4,0,0,0,0,0,1,1,136,137
1365,68,5,0,1,0,0,0,1,1,136,137
1366,68,6,0,0,0,0,0,1,1,136,137
1367,68,7,0,0,1,0,1,0,1,136,137
1368,68,8,0,1,0,1,1,2,2,136,137
1369,68,9,1,0,0,1,1,2,2,136,137
1370,68,10,1,0,0,1,1,2,2,136,137
1371,68,11,0,0,0,1,1,2,2,136,137
1372,68,12,1,0,0,1,1,2,2,136,137
1373,68,13,1,0,1,1,0,1,0,136,137
1374,68,14,0,0,0,0,0,1,1,136,137
1375,68,15,1,1,1,1,1,2,2,136,137
1376,68,16,1,0,1,1,0,1,0,136,137
1377,68,17,1,0,0,1,0,1,0,136,137
1378,68,18,1,0,0,1,0,1,0,136,137
1379,68,19,0,0,0,0,0,1,1,136,137
1380,69,0,0,0,0,1,0,1,0,138,139
1381,69,1,1,0,0,1,0,1,0,138,139
1382,69,2,1,0,0,1,0,1,0,138,139
1383,69,3,0,0,0,1,0,1,0,138,139
1384,69,4,1,0,0,1,0,1,0,138,139
1385,69,5,1,0,0,1,0,1,0,138,139
1386,69,6,0,0,0,1,0,1,0,138,139
1387,69,7,1,0,0,1,0,1,0,138,139
1388,69,8,0,0,0,1,0,1,0,138,139
1389,69,9,1,0,1,1,1,2,2,138,139
1390,69,10,0,1,0,1,1,2,2,138,139
1391,69,11,0,0,0,1,1,2,2,138,139
1392,69,12,1,1,0,1,1,2,2,138,139
1393,69,13,1,0,1,1,0,1,0,138,139
1394,69,14,0,0,0,1,0,1,0,138,139
1395,69,15,1,0,0,1,0,1,0,138,139
1396,69,16,0,0,0,1,0,1,0,138,139
1397,69,17,0,0,0,1,0,1,0,138,139
1398,69,18,1,1,0,1,0,1,0,138,139
1399,69,19,1,0,0,1,0,1,0,138,139
1400,70,0,0,1,0,0,1,0,1,140,141
1401,70,1,0,0,0,1,0,1,0,140,141
1402,70,2,1,0,0,0,1,0,1,140,141
1403,70,3,0,1,0,1,0,1,0,140,141
1404,70,4,0,0,0,0,1,0,1,140,141
1405,70,5,1,0,0,1,1,2,2,140,141
1406,70,6,1,0,0,1,1,2,2,140,141
1407,70,7,0,0,0,1,1,2,2,140,141
1408,70,8,1,0,0,1,1,2,2,140,141
1409,70,9,0,0,0,1,1,2,2,140,141
1410,70,10,0,0,0,1,1,2,2,140,141
1411,70,11,0,0,0,1,1,2,2,140,141
1412,70,12,1,0,0,1,1,2,2,140,141
1413,70,13,0,0,0,1,1,2,2,140,141
1414,70,14,1,0,0,1,1,2,2,140,141
1415,70,15,0,1,0,1,1,2,2,140,141
1416,70,16,0,0,0,1,1,2,2,140,141
1417,70,17,0,1,0,1,1,2,2,140,141
1418,70,18,1,1,0,1,1,2,2,140,141
1419,70,19,1,1,0,1,1,2,2,140,141
1420,71,0,0,0,0,0,1,0,1,142,143
1421,71,1,1,0,0,1,0,1,0,142,143
1422,71,2,0,1,1,0,1,0,1,142,143
1423,71,3,0,0,0,1,0,1,0,142,143
1424,71,4,0,0,0,0,1,0,1,142,143
1425,71,5,0,0,0,1,0,1,0,142,143
1426,71,6,0,1,0,0,1,0,1,142,143
1427,71,7,1,0,0,1,0,1,0,142,143
1428,71,8,1,0,0,0,1,0,1,142,143
1429,71,9,1,0,0,1,0,1,0,142,143
1430,71,10,1,0,0,0,1,0,1,142,143
1431,71,11,0,0,0,1,0,1,0,142,143
1432,71,12,1,0,0,0,1,0,1,142,143
1433,71,13,0,0,0,1,0,1,0,142,143
1434,71,14,0,0,0,0,1,0,1,142,143
1435,71,15,0,1,0,1,0,1,0,142,143
1436,71,16,1,0,0,0,1,0,1,142,143
1437,71,17,0,0,0,1,0,1,0,142,143
1438,71,18,0,0,1,0,1,0,1,142,143
1439,71,19,0,0,0,1,0,1,0,142,143
1440,72,0,0,0,0,0,1,0,1,144,145
1441,72,1,1,0,0,1,1,2,2,144,145
1442,72,2,0,1,0,0,1,0,1,144,145
1443,72,3,1,0,0,1,1,2,2,144,145
1444,72,4,0,0,0,0,1,0,1,144,145
1445,72,5,1,1,0,1,1,2,2,144,145
1446,72,6,1,0,0,1,1,2,2,144,145
1447,72,7,0,0,0,0,1,0,1,144,145
1448,72,8,0,0,0,0,0,1,1,144,145
1449,72,9,1,0,0,0,1,0,1,144,145
1450,72,10,0,0,0,0,0,1,1,144,145
1451,72,11,1,0,0,0,1,0,1,144,145
1452,72,12,0,0,0,0,0,1,1,144,145
1453,72,13,0,0,0,0,0,1,1,144,145
1454,72,14,0,0,0,0,0,1,1,144,145
1455,72,15,0,0,0,0,0,1,1,144,145
1456,72,16,0,0,0,0,0,1,1,144,145
1457,72,17,1,0,1,0,1,0,1,144,145
1458,72,18,0,0,0,0,0,1,1,144,145
1459,72,19,0,0,0,0,0,1,1,144,145
1460,73,0,0,0,0,1,0,1,0,146,147
1461,73,1,1,0,0,0,1,0,1,146,147
1462,73,2,0,0,0,1,0,1,0,146,147
1463,73,3,0,0,0,0,1,0,1,146,147
1464,73,4,0,0,0,1,0,1,0,146,147
1465,73,5,0,0,0,0,1,0,1,146,147
1466,73,6,0,0,0,1,0,1,0,146,147
1467,73,7,1,1,0,0,1,0,1,146,147
1468,73,8,1,0,0,1,0,1,0,146,147
1469,73,9,0,0,0,0,1,0,1,146,147
1470,73,10,0,1,0,1,0,1,0,146,147
1471,73,11,0,0,0,0,1,0,1,146,147
1472,73,12,0,0,0,1,0,1,0,146,147
1473,73,13,0,0,0,0,1,0,1,146,147
1474,73,14,0,0,0,1,0,1,0,146,147
1475,73,15,0,0,0,0,1,0,1,146,147
1476,73,16,1,1,0,1,0,1,0,146,147
1477,73,17,1,1,0,0,1,0,1,146,147
1478,73,18,0,0,0,1,0,1,0,146,147
1479,73,19,1,0,0,0,1,0,1,146,147
1480,74,0,1,0,0,1,0,1,0,148,149
1481,74,1,1,0,0,0,1,0,1,148,149
1482,74,2,0,0,0,1,0,1,0,148,149
1483,74,3,0,0,0,0,1,0,1,148,149
1484,74,4,0,0,0,1,0,1,0,148,149
1485,74,5,1,0,0,0,1,0,1,148,149
1486,74,6,1,0,0,1,0,1,0,148,149
1487,74,7,0,0,0,0,1,0,1,148,149
1488,74,8,1,0,0,1,0,1,0,148,149
1489,74,9,1,0,0,0,1,0,1,148,149
1490,74,10,0,0,0,1,0,1,0,148,149
1491,74,11,1,0,0,0,1,0,1,148,149
1492,74,12,1,0,0,1,0,1,0,148,149
1493,74,13,0,1,0,0,1,0,1,148,149
1494,74,14,1,0,0,1,0,1,0,148,149
1495,74,15,0,1,0,0,1,0,1,148,149
1496,74,16,0,0,0,1,0,1,0,148,149
1497,74,17,0,0,0,0,1,0,1,148,149
1498,74,18,0,0,0,1,0,1,0,148,149
1499,74,19,1,0,0,0,1,0,1,148,149
1500,75,0,0,1,0,0,1,0,1,150,151
1501,75,1,0,0,0,0,0,1,1,150,151
1502,75,2,1,0,0,0,1,0,1,150,151
1503,75,3,1,0,0,1,1,2,2,150,151
1504,75,4,1,0,0,1,1,2,2,150,151
1505,75,5,0,0,1,0,1,0,1,150,151
1506,75,6,1,0,0,1,1,2,2,150,151
1507,75,7,0,0,0,0,1,0,1,150,151
1508,75,8,1,1,0,1,1,2,2,150,151
1509,75,9,0,1,0,0,1,0,1,150,151
1510,75,10,0,0,1,0,0,1,1,150,151
1511,75,11,0,0,0,0,0,1,1,150,151
1512,75,12,0,0,0,0,0,1,1,150,151
1513,75,13,1,1,1,0,1,0,1,150,151
1514,75,14,0,0,0,0,0,1,1,150,151
1515,75,15,1,0,0,0,1,0,1,150,151
1516,75,16,0,1,0,0,0,1,1,150,151
1517,75,17,0,1,1,0,0,1,1,150,151
1518,75,18,0,0,0,0,0,1,1,150,151
1519,75,19,1,0,0,0,1,0,1,150,151
1520,76,0,0,0,0,1,0,1,0,152,153
1521,76,1,0,0,0,0,1,0,1,152,153
1522,76,2,0,1,0,1,0,1,0,152,153
1523,76,3,1,0,0,0,1,0,1,152,153
1524,76,4,1,0,0,1,0,1,0,152,153
1525,76,5,1,0,0,0,1,0,1,152,153
1526,76,6,0,0,0,1,0,1,0,152,153
1527,76,7,0,0,0,0,1,0,1,152,153
1528,76,8,0,0,0,1,0,1,0,152,153
1529,76,9,0,1,0,0,1,0,1,152,153
1530,76,10,1,0,0,1,0,1,0,152,153
1531,76,11,0,0,0,0,1,0,1,152,153
1532,76,12,1,0,0,1,0,1,0,152,153
1533,76,13,0,0,0,0,1,0,1,152,153
1534,76,14,0,0,0,1,0,1,0,152,153
1535,76,15,1,1,0,0,1,0,1,152,153
1536,76,16,1,0,0,1,0,1,0,152,153
1537,76,17,0,0,0,0,1,0,1,152,153
1538,76,18,1,0,0,1,0,1,0,152,153
1539,76,19,0,1,0,0,1,0,1,152,153
1540,77,0,1,0,0,1,1,2,2,154,155
1541,77,1,1,0,0,1,1,2,2,154,155
1542,77,2,1,0,0,1,1,2,2,154,155
1543,77,3,0,0,0,1,1,2,2,154,155
1544,77,4,0,1,0,1,1,2,2,154,155
1545,77,5,0,0,0,1,1,2,2,154,155
1546,77,6,0,1,0,1,1,2,2,154,155
1547,77,7,1,0,0,1,1,2,2,154,155
1548,77,8,0,0,0,1,1,2,2,154,155
1549,77,9,1,0,0,1,1,2,2,154,155
1550,77,10,0,0,1,1,0,1,0,154,155
1551,77,11,0,0,0,1,1,2,2,154,155
1552,77,12,0,0,0,1,1,2,2,154,155
1553,77,13,0,0,0,1,1,2,2,154,155
1554,77,14,0,0,0,1,1,2,2,154,155
1555,77,15,1,0,0,1,1,2,2,154,155
1556,77,16,0,0,0,1,1,2,2,154,155
1557,77,17,1,0,0,1,1,2,2,154,155
1558,77,18,0,0,0,1,1,2,2,154,155
1559,77,19,0,0,0,1,1,2,2,154,155
1560,78,0,1,0,0,1,1,2,2,156,157
1561,78,1,0,0,0,1,1,2,2,156,157
1562,78,2,0,0,0,1,1,2,2,156,157
1563,78,3,0,1,0,1,1,2,2,156,157
1564,78,4,0,0,0,1,1,2,2,156,157
1565,78,5,1,0,0,1,1,2,2,156,157
1566,78,6,1,1,0,1,1,2,2,156,157
1567,78,7,0,0,1,1,1,2,2,156,157
1568,78,8,0,0,0,1,1,2,2,156,157
1569,78,9,0,1,1,1,1,2,2,156,157
1570,78,10,0,0,0,1,1,2,2,156,157
1571,78,11,0,1,0,1,1,2,2,156,157
1572,78,12,1,0,0,1,1,2,2,156,157
1573,78,13,0,0,0,1,1,2,2,156,157
1574,78,14,1,0,0,1,1,2,2,156,157
1575,78,15,0,0,0,1,1,2,2,156,157
1576,78,16,1,0,0,1,1,2,2,156,157
1577,78,17,0,1,0,1,1,2,2,156,157
1578,78,18,1,0,0,1,1,2,2,156,157
1579,78,19,0,1,1,1,1,2,2,156,157
1580,79,0,0,0,0,0,0,1,1,158,159
1581,79,1,0,0,0,0,0,1,1,158,159
1582,79,2,0,1,0,0,0,1,1,158,159
1583,79,3,1,0,0,1,0,1,0,158,159
1584,79,4,0,0,0,0,0,1,1,158,159
1585,79,5,1,1,0,1,0,1,0,158,159
1586,79,6,0,0,1,1,0,1,0,158,159
1587,79,7,1,1,0,1,0,1,0,158,159
1588,79,8,0,0,1,1,0,1,0,158,159
1589,79,9,0,0,0,0,0,1,1,158,159
1590,79,10,1,0,1,0,0,1,1,158,159
1591,79,11,1,0,0,1,0,1,0,158,159
1592,79,12,0,0,0,0,0,1,1,158,159
1593,79,13,0,0,0,0,0,1,1,158,159
1594,79,14,1,0,0,1,0,1,0,158,159
1595,79,15,0,0,1,1,0,1,0,158,159
1596,79,16,0,0,0,0,0,1,1,158,159
1597,79,17,0,0,0,0,0,1,1,158,159
1598,79,18,1,0,0,1,0,1,0,158,159
1599,79,19,0,0,0,0,0,1,1,158,159
1600,80,0,0,0,0,1,0,1,0,160,161
1601,80,1,1,0,0,0,1,0,1,160,161
1602,80,2,1,1,1,1,0,1,0,160,161
1603,80,3,0,0,1,0,1,0,1,160,161
1604,80,4,0,0,0,1,0,1,0,160,161
1605,80,5,0,0,0,0,1,0,1,160,161
1606,80,6,0,0,0,1,0,1,0,160,161
1607,80,7,0,0,1,0,1,0,1,160,161
1608,80,8,0,0,0,1,0,1,0,160,161
1609,80,9,0,0,0,0,1,0,1,160,161
1610,80,10,1,0,0,1,0,1,0,160,161
1611,80,11,1,0,0,0,1,0,1,160,161
1612,80,12,1,0,0,1,0,1,0,160,161
1613,80,13,1,1,0,0,1,0,1,160,161
1614,80,14,1,0,0,1,0,1,0,160,161
1615,80,15,0,0,0,0,1,0,1,160,161
1616,80,16,1,0,0,1,0,1,0,160,161
1617,80,17,0,0,0,0,1,0,1,160,161
1618,80,18,0,1,1,1,0,1,0,160,161
1619,80,19,0,0,0,0,1,0,1,160,161
1620,81,0,0,0,0,1,1,2,2,162,163
1621,81,1,0,0,1,0,1,0,1,162,163
1622,81,2,0,0,0,1,1,2,2,162,163
1623,81,3,0,0,0,1,1,2,2,162,163
1624,81,4,0,1,0,1,1,2,2,162,163
1625,81,5,1,0,1,0,1,0,1,162,163
1626,81,6,0,0,0,1,1,2,2,162,163
1627,81,7,1,0,1,0,1,0,1,162,163
1628,81,8,0,1,0,1,1,2,2,162,163
1629,81,9,0,1,0,1,1,2,2,162,163
1630,81,10,0,0,0,1,1,2,2,162,163
1631,81,11,1,0,0,1,1,2,2,162,163
1632,81,12,1,0,1,0,1,0,1,162,163
1633,81,13,1,1,0,1,1,2,2,162,163
1634,81,14,0,0,0,1,1,2,2,162,163
1635,81,15,0,0,0,1,1,2,2,162,163
1636,81,16,1,0,0,1,1,2,2,162,163
1637,81,17,0,0,1,0,1,0,1,162,163
1638,81,18,0,0,0,1,1,2,2,162,163
1639,81,19,0,0,0,1,1,2,2,162,163
1640,82,0,0,1,0,0,0,1,1,164,165
1641,82,1,0,0,0,0,0,1,1,164,165
1642,82,2,1,0,1,0,0,1,1,164,165
1643,82,3,1,0,0,0,0,1,1,164,165
1644,82,4,0,1,0,0,0,1,1,164,165
1645,82,5,0,1,0,0,0,1,1,164,165
1646,82,6,0,0,0,0,0,1,1,164,165
1647,82,7,0,0,1,0,0,1,1,164,165
1648,82,8,0,0,0,0,0,1,1,164,165
1649,82,9,1,0,0,0,0,1,1,164,165
1650,82,10,0,0,0,0,0,1,1,164,165
1651,82,11,0,0,0,0,0,1,1,164,165
1652,82,12,0,1,0,0,0,1,1,164,165
1653,82,13,0,0,0,0,0,1,1,164,165
1654,82,14,1,0,0,0,0,1,1,164,165
1655,82,15,0,0,0,0,0,1,1,164,165
1656,82,16,0,0,0,0,0,1,1,164,165
1657,82,17,0,0,0,0,0,1,1,164,165
1658,82,18,0,0,0,0,0,1,1,164,165
1659,82,19,0,0,0,0,0,1,1,164,165
1660,83,0,1,0,0,1,1,2,2,166,167
1661,83,1,0,0,0,1,1,2,2,166,167
1662,83,2,1,0,0,1,1,2,2,166,167
1663,83,3,1,0,0,1,1,2,2,166,167
1664,83,4,0,0,0,1,1,2,2,166,167
1665,83,5,0,0,0,1,1,2,2,166,167
1666,83,6,0,0,0,1,1,2,2,166,167
1667,83,7,0,0,1,0,0,1,1,166,167
1668,83,8,0,0,0,0,0,1,1,166,167
1669,83,9,0,0,0,0,0,1,1,166,167
1670,83,10,0,0,0,0,0,1,1,166,167
1671,83,11,1,0,0,1,0,1,0,166,167
1672,83,12,0,1,0,0,1,0,1,166,167
1673,83,13,1,0,0,1,0,1,0,166,167
1674,83,14,1,0,0,1,1,2,2,166,167
1675,83,15,0,1,0,1,1,2,2,166,167
1676,83,16,0,0,0,1,1,2,2,166,167
1677,83,17,1,0,0,1,1,2,2,166,167
1678,83,18,1,0,0,1,1,2,2,166,167
1679,83,19,0,1,0,1,1,2,2,166,167
1680,84,0,1,0,1,1,1,2,2,168,169
1681,84,1,0,0,0,1,1,2,2,168,169
1682,84,2,1,0,0,1,1,2,2,168,169
1683,84,3,1,0,0,1,1,2,2,168,169
1684,84,4,0,1,1,1,1,2,2,168,169
1685,84,5,0,0,0,1,1,2,2,168,169
1686,84,6,1,0,0,1,1,2,2,168,169
1687,84,7,1,0,0,1,1,2,2,168,169
1688,84,8,1,0,0,1,1,2,2,168,169
1689,84,9,0,0,0,1,1,2,2,168,169
1690,84,10,1,0,0,1,1,2,2,168,169
1691,84,11,0,0,0,1,1,2,2,168,169
1692,84,12,1,0,0,1,1,2,2,168,169
1693,84,13,0,0,0,1,1,2,2,168,169
1694,84,14,1,1,0,1,1,2,2,168,169
1695,84,15,0,0,0,1,1,2,2,168,169
1696,84,16,1,0,0,1,1,2,2,168,169
1697,84,17,1,0,0,1,1,2,2,168,169
1698,84,18,0,0,1,1,1,2,2,168,169
1699,84,19,0,0,0,1,1,2,2,168,169
1700,85,0,0,0,0,0,0,1,1,170,171
1701,85,1,0,0,0,0,0,1,1,170,171
1702,85,2,1,0,0,0,0,1,1,170,171
1703,85,3,1,0,0,0,0,1,1,170,171
1704,85,4,0,0,0,0,0,1,1,170,171
1705,85,5,0,0,0,0,0,1,1,170,171
1706,85,6,0,0,0,0,0,1,1,170,171
1707,85,7,1,0,0,0,0,1,1,170,171
1708,85,8,1,0,0,0,0,1,1,170,171
1709,85,9,1,0,1,0,1,0,1,170,171
1710,85,10,0,0,0,1,1,2,2,170,171
1711,85,11,1,0,0,1,1,2,2,170,171
1712,85,12,0,0,0,1,1,2,2,170,171
1713,85,13,1,0,0,1,1,2,2,170,171
1714,85,14,0,0,1,1,0,1,0,170,171
1715,85,15,0,0,1,0,1,0,1,170,171
1716,85,16,1,0,0,1,1,2,2,170,171
1717,85,17,1,0,0,1,1,2,2,170,171
1718,85,18,0,0,0,1,1,2,2,170,171
1719,85,19,0,1,1,1,0,1,0,170,171
1720,86,0,0,1,0,0,1,0,1,172,173
1721,86,1,1,0,0,1,1,2,2,172,173
1722,86,2,0,0,0,0,1,0,1,172,173
1723,86,3,0,0,0,0,0,1,1,172,173
1724,86,4,0,0,0,0,0,1,1,172,173
1725,86,5,1,0,0,0,1,0,1,172,173
1726,86,6,1,0,0,1,1,2,2,172,173
1727,86,7,0,1,0,0,1,0,1,172,173
1728,86,8,1,1,0,1,1,2,2,172,173
1729,86,9,0,1,1,0,1,0,1,172,173
1730,86,10,0,0,0,0,0,1,1,172,173
1731,86,11,0,0,0,0,0,1,1,172,173
1732,86,12,1,0,0,0,1,0,1,172,173
1733,86,13,0,0,0,0,0,1,1,172,173
1734,86,14,0,0,0,0,0,1,1,172,173
1735,86,15,0,1,0,0,0,1,1,172,173
1736,86,16,0,0,1,0,0,1,1,172,173
1737,86,17,1,0,0,0,1,0,1,172,173
1738,86,18,0,0,0,0,0,1,1,172,173
1739,86,19,1,0,0,0,1,0,1,172,173
1740,87,0,0,0,0,1,1,2,2,174,175
1741,87,1,1,0,0,1,1,2,2,174,175
1742,87,2,1,0,0,1,1,2,2,174,175
1743,87,3,0,1,0,1,1,2,2,174,175
1744,87,4,0,0,1,1,0,1,0,174,175
1745,87,5,1,0,1,1,0,1,0,174,175
1746,87,6,1,0,0,1,1,2,2,174,175
1747,87,7,1,0,0,1,1,2,2,174,175
1748,87,8,0,0,0,1,1,2,2,174,175
1749,87,9,0,1,0,1,1,2,2,174,175
1750,87,10,1,0,0,1,1,2,2,174,175
1751,87,11,1,0,0,1,1,2,2,174,175
1752,87,12,1,1,0,1,1,2,2,174,175
1753,87,13,1,0,0,1,1,2,2,174,175
1754,87,14,1,0,0,1,1,2,2,174,175
1755,87,15,1,0,0,1,1,2,2,174,175
1756,87,16,0,0,0,1,1,2,2,174,175
1757,87,17,1,1,0,1,1,2,2,174,175
1758,87,18,1,0,0,1,1,2,2,174,175
1759,87,19,0,0,0,1,1,2,2,174,175
1760,88,0,0,0,0,0,0,1,1,176,177
1761,88,1,1,0,0,1,1,2,2,176,177
1762,88,2,1,0,0,1,1,2,2,176,177
1763,88,3,0,1,1,0,1,0,1,176,177
1764,88,4,0,1,1,0,0,1,1,176,177
1765,88,5,1,0,0,1,1,2,2,176,177
1766,88,6,1,0,0,1,1,2,2,176,177
1767,88,7,0,0,0,1,1,2,2,176,177
1768,88,8,1,0,0,1,1,2,2,176,177
1769,88,9,1,0,0,1,1,2,2,176,177
1770,88,10,1,1,0,1,1,2,2,176,177
1771,88,11,1,0,0,1,1,2,2,176,177
1772,88,12,1,0,0,1,1,2,2,176,177
1773,88,13,0,0,0,1,1,2,2,176,177
1774,88,14,1,0,0,1,1,2,2,176,177
1775,88,15,0,0,0,1,1,2,2,176,177
1776,88,16,0,0,0,1,1,2,2,176,177
1777,88,17,1,0,0,1,1,2,2,176,177
1778,88,18,1,0,0,1,1,2,2,176,177
1779,88,19,1,0,0,1,1,2,2,176,177
1780,89,0,1,0,0,1,1,2,2,178,179
1781,89,1,0,0,0,1,1,2,2,178,179
1782,89,2,1,1,1,1,1,2,2,178,179
1783,89,3,0,0,0,1,1,2,2,178,179
1784,89,4,1,0,0,1,1,2,2,178,179
1785,89,5,0,0,0,1,1,2,2,178,179
1786,89,6,1,0,0,1,1,2,2,178,179
1787,89,7,1,1,1,1,1,2,2,178,179
1788,89,8,1,0,0,1,1,2,2,178,179
1789,89,9,0,0,0,1,1,2,2,178,179
1790,89,10,0,0,0,1,1,2,2,178,179
1791,89,11,1,1,0,1,1,2,2,178,179
1792,89,12,1,0,1,1,1,2,2,178,179
1793,89,13,0,0,0,1,1,2,2,178,179
1794,89,14,0,1,0,1,1,2,2,178,179
1795,89,15,1,1,1,1,1,2,2,178,179
1796,89,16,0,0,1,1,1,2,2,178,179
1797,89,17,1,0,0,1,1,2,2,178,179
1798,89,18,0,0,0,1,1,2,2,178,179
1799,89,19,1,0,0,1,1,2,2,178,179
1800,90,0,1,0,0,0,1,0,1,180,181
1801,90,1,0,0,0,0,1,0,1,180,181
1802,90,2,0,0,0,0,1,0,1,180,181
1803,90,3,1,0,0,0,1,0,1,180,181
1804,90,4,0,0,0,0,1,0,1,180,181
1805,90,5,1,0,0,0,1,0,1,180,181
1806,90,6,0,0,0,0,1,0,1,180,181
1807,90,7,0,1,0,0,1,0,1,180,181
1808,90,8,1,0,0,0,1,0,1,180,181
1809,90,9,0,0,0,0,1,0,1,180,181
1810,90,10,1,0,0,0,1,0,1,180,181
1811,90,11,0,0,1,0,1,0,1,180,181
1812,90,12,1,0,0,0,1,0,1,180,181
1813,90,13,0,1,0,0,1,0,1,180,181
1814,90,14,0,0,0,0,1,0,1,180,181
1815,90,15,0,0,1,0,1,0,1,180,181
1816,90,16,0,1,1,0,1,0,1,180,181
1817,90,17,1,0,1,0,1,0,1,180,181
1818,90,18,0,0,0,0,1,0,1,180,181
1819,90,19,1,1,0,0,1,0,1,180,181
1820,91,0,0,1,1,1,0,1,0,182,183
1821,91,1,0,0,0,1,1,2,2,182,183
1822,91,2,1,0,0,1,1,2,2,182,183
1823,91,3,0,0,1,0,1,0,1,182,183
1824,91,4,0,1,0,0,0,1,1,182,183
1825,91,5,0,1,0,0,0,1,1,182,183
1826,91,6,0,0,0,0,0,1,1,182,183
1827,91,7,0,0,0,0,0,1,1,182,183
1828,91,8,0,1,0,0,0,1,1,182,183
1829,91,9,1,0,0,0,0,1,1,182,183
1830,91,10,0,0,0,0,0,1,1,182,183
1831,91,11,0,0,0,0,0,1,1,182,183
1832,91,12,1,0,0,0,0,1,1,182,183
1833,91,13,1,1,0,0,0,1,1,182,183
1834,91,14,0,0,0,0,0,1,1,182,183
1835,91,15,0,0,0,0,0,1,1,182,183
1836,91,16,1,0,0,0,0,1,1,182,183
1837,91,17,1,0,0,0,0,1,1,182,183
1838,91,18,0,0,0,0,0,1,1,182,183
1839,91,19,1,1,0,0,0,1,1,182,183
1840,92,0,0,0,0,1,1,2,2,184,185
1841,92,1,1,0,0,1,1,2,2,184,185
1842,92,2,1,1,0,1,1,2,2,184,185
1843,92,3,0,0,0,1,1,2,2,184,185
1844,92,4,1,0,0,1,1,2,2,184,185
1845,92,5,0,0,0,1,1,2,2,184,185
1846,92,6,0,1,0,1,1,2,2,184,185
1847,92,7,0,0,0,1,1,2,2,184,185
1848,92,8,1,0,0,1,1,2,2,184,185
1849,92,9,0,0,0,1,1,2,2,184,185
1850,92,10,0,0,0,1,1,2,2,184,185
1851,92,11,0,0,0,1,1,2,2,184,185
1852,92,12,1,0,0,1,1,2,2,184,185
1853,92,13,0,0,0,1,1,2,2,184,185
1854,92,14,0,1,0,1,1,2,2,184,185
1855,92,15,0,0,0,1,1,2,2,184,185
1856,92,16,1,0,0,1,1,2,2,184,185
1857,92,17,0,0,0,1,1,2,2,184,185
1858,92,18,0,0,0,1,1,2,2,184,185
1859,92,19,0,1,0,1,1,2,2,184,185
1860,93,0,1,0,1,0,1,0,1,186,187
1861,93,1,1,0,0,0,1,0,1,186,187
1862,93,2,0,0,0,0,0,1,1,186,187
1863,93,3,0,0,0,0,0,1,1,186,187
1864,93,4,1,1,0,0,1,0,1,186,187
1865,93,5,0,0,0,0,0,1,1,186,187
1866,93,6,1,0,0,0,1,0,1,186,187
1867,93,7,0,0,0,0,0,1,1,186,187
1868,93,8,0,0,0,0,0,1,1,186,187
1869,93,9,1,0,0,0,1,0,1,186,187
1870,93,10,1,0,1,1,1,2,2,186,187
1871,93,11,1,0,0,1,1,2,2,186,187
1872,93,12,0,0,0,1,1,2,2,186,187
1873,93,13,0,1,0,1,1,2,2,186,187
1874,93,14,0,0,0,1,1,2,2,186,187
1875,93,15,1,0,0,1,1,2,2,186,187
1876,93,16,0,0,0,1,1,2,2,186,187
1877,93,17,0,1,0,1,1,2,2,186,187
1878,93,18,0,0,0,1,1,2,2,186,187
1879,93,19,0,0,0,1,1,2,2,186,187
1880,94,0,0,1,0,0,0,1,1,188,189
1881,94,1,0,0,0,0,0,1,1,188,189
1882,94,2,0,0,0,0,0,1,1,188,189
1883,94,3,1,0,0,0,0,1,1,188,189
1884,94,4,1,1,0,0,0,1,1,188,189
1885,94,5,0,0,0,0,0,1,1,188,189
1886,94,6,1,0,0,0,0,1,1,188,189
1887,94,7,1,0,0,0,0,1,1,188,189
1888,94,8,0,1,0,0,0,1,1,188,189
1889,94,9,1,0,0,0,0,1,1,188,189
1890,94,10,0,0,0,0,0,1,1,188,189
1891,94,11,0,0,1,0,0,1,1,188,189
1892,94,12,0,0,1,0,0,1,1,188,189
1893,94,13,0,1,0,0,0,1,1,188,189
1894,94,14,0,0,0,0,0,1,1,188,189
1895,94,15,1,0,1,0,0,1,1,188,189
1896,94,16,0,0,1,0,0,1,1,188,189
1897,94,17,0,0,0,0,0,1,1,188,189
1898,94,18,0,0,1,0,0,1,1,188,189
1899,94,19,1,0,0,0,0,1,1,188,189
1900,95,0,0,0,0,1,1,2,2,190,191
1901,95,1,1,0,0,1,1,2,2,190,191
1902,95,2,0,0,0,1,1,2,2,190,191
1903,95,3,1,0,0,1,1,2,2,190,191
1904,95,4,0,0,1,1,1,2,2,190,191
1905,95,5,1,1,0,1,1,2,2,190,191
1906,95,6,1,0,1,1,1,2,2,190,191
1907,95,7,0,0,0,1,1,2,2,190,191
1908,95,8,0,0,0,1,1,2,2,190,191
1909,95,9,1,1,0,1,1,2,2,190,191
1910,95,10,1,0,0,1,1,2,2,190,191
1911,95,11,0,0,0,1,1,2,2,190,191
1912,95,12,1,0,0,1,1,2,2,190,191
1913,95,13,0,0,0,1,1,2,2,190,191
1914,95,14,1,0,0,1,1,2,2,190,191
1915,95,15,1,0,0,1,1,2,2,190,191
1916,95,16,0,0,0,1,1,2,2,190,191
1917,95,17,0,1,0,1,1,2,2,190,191
1918,95,18,1,0,0,1,1,2,2,190,191
1919,95,19,0,0,0,1,1,2,2,190,191
1920,96,0,0,0,0,1,1,2,2,192,193
1921,96,1,0,0,0,0,1,0,1,192,193
1922,96,2,1,1,0,1,1,2,2,192,193
1923,96,3,0,0,0,0,1,0,1,192,193
1924,96,4,1,0,0,1,1,2,2,192,193
1925,96,5,0,0,0,0,1,0,1,192,193
1926,96,6,0,0,1,1,1,2,2,192,193
1927,96,7,1,0,1,0,1,0,1,192,193
1928,96,8,0,1,0,1,1,2,2,192,193
1929,96,9,1,0,0,0,1,0,1,192,193
1930,96,10,0,1,0,1,1,2,2,192,193
1931,96,11,0,0,0,0,1,0,1,192,193
1932,96,12,0,0,0,1,1,2,2,192,193
1933,96,13,1,1,0,0,1,0,1,192,193
1934,96,14,1,0,0,1,1,2,2,192,193
1935,96,15,1,0,0,0,1,0,1,192,193
1936,96,16,0,0,0,1,1,2,2,192,193
1937,96,17,1,0,0,0,1,0,1,192,193
1938,96,18,0,0,0,1,1,2,2,192,193
1939,96,19,1,0,0,0,1,0,1,192,193
1940,97,0,0,1,1,1,1,2,2,194,195
1941,97,1,1,0,0,1,1,2,2,194,195
1942,97,2,1,0,0,1,1,2,2,194,195
1943,97,3,0,1,0,1,1,2,2,194,195
1944,97,4,0,0,0,1,1,2,2,194,195
1945,97,5,1,0,0,1,1,2,2,194,195
1946,97,6,0,0,0,1,1,2,2,194,195
1947,97,7,1,0,0,1,1,2,2,194,195
1948,97,8,0,0,1,1,1,2,2,194,195
1949,97,9,1,1,0,1,1,2,2,194,195
1950,97,10,1,0,0,1,1,2,2,194,195
1951,97,11,0,0,1,1,1,2,2,194,195
1952,97,12,0,0,0,1,1,2,2,194,195
1953,97,13,1,0,0,1,1,2,2,194,195
1954,97,14,1,1,1,1,1,2,2,194,195
1955,97,15,0,1,0,1,1,2,2,194,195
1956,97,16,1,0,0,1,1,2,2,194,195
1957,97,17,0,0,0,1,1,2,2,194,195
1958,97,18,1,0,0,1,1,2,2,194,195
1959,97,19,0,0,0,1,1,2,2,194,195
1960,98,0,1,0,0,1,0,1,0,196,197
1961,98,1,0,0,0,0,1,0,1,196,197
1962,98,2,0,0,0,1,0,1,0,196,197
1963,98,3,0,0,1,0,1,0,1,196,197
1964,98,4,1,0,0,1,0,1,0,196,197
1965,98,5,0,1,0,0,1,0,1,196,197
1966,98,6,1,0,0,1,0,1,0,196,197
1967,98,7,0,1,0,0,1,0,1,196,197
1968,98,8,0,0,0,1,0,1,0,196,197
1969,98,9,1,0,0,1,1,2,2,196,197
1970,98,10,0,1,0,1,0,1,0,196,197
1971,98,11,1,0,0,1,1,2,2,196,197
1972,98,12,1,0,0,1,0,1,0,196,197
1973,98,13,0,0,0,0,1,0,1,196,197
1974,98,14,0,0,0,1,0,1,0,196,197
1975,98,15,1,0,0,1,1,2,2,196,197
1976,98,16,0,0,0,1,0,1,0,196,197
1977,98,17,0,0,0,0,1,0,1,196,197
1978,98,18,0,0,0,1,0,1,0,196,197
1979,98,19,1,0,0,1,1,2,2,196,197
1980,99,0,1,0,0,1,1,2,2,198,199
1981,99,1,0,1,0,1,1,2,2,198,199
1982,99,2,0,0,0,1,1,2,2,198,199
1983,99,3,0,1,0,1,1,2,2,198,199
1984,99,4,0,0,1,0,1,0,1,198,199
1985,99,5,1,0,0,0,1,0,1,198,199
1986,99,6,0,1,1,1,1,2,2,198,199
1987,99,7,0,1,0,1,1,2,2,198,199
1988,99,8,1,0,0,1,1,2,2,198,199
1989,99,9,0,0,0,1,1,2,2,198,199
1990,99,10,1,0,0,1,1,2,2,198,199
1991,99,11,1,0,0,1,1,2,2,198,199
1992,99,12,1,0,0,1,1,2,2,198,199
1993,99,13,0,0,0,1,1,2,2,198,199
1994,99,14,0,0,0,1,1,2,2,198,199
1995,99,15,0,0,0,1,1,2,2,198,199
1996,99,16,0,0,0,1,1,2,2,198,199
1997,99,17,0,1,0,1,1,2,2,198,199
1998,99,18,0,0,0,1,1,2,2,198,199
1999,99,19,0,0,1,0,1,0,1,198,199
